Company ID,Company Name,Alias,Industry ID,Industry,Sub Industry,Company Type,Headquarters,Country,Website,LinkedIn,Company Size,Employee Count,Annual Revenue Estimate,Business Description,Main Products/Services,Current Technologies,Branch Count,Operating Regions,Decision Maker Level,Existing Vendor,Existing Relationship,Potential Score,Strategic Priority,Business Challenges,Known Pain Points,Potential Needs,Cross Selling Potential,Upselling Potential,Risk Level,Last Updated,Data Source,Notes
COMP-001,PT Jalur Nugraha Ekakurir,JNE,IND-004,Transportasi & Logistik,Ekspedisi,Swasta,Jakarta,Indonesia,jne.co.id,linkedin.com/company/jne,Enterprise,40000+,Rp15 Triliun,Raksasa logistik ekspres domestik terbesar,"Pengiriman Paket, Kargo, Fulfillment","Oracle ERP, Custom TMS, AWS",8000+,Seluruh Indonesia,C-Level,"Zettagrid, VADS",Prospect,95,High,Mempertahankan efisiensi operasional skala masif,Sistem TMS kewalahan saat Harbolnas,"IaaS Cloud, BPO Call Center",Sangat Tinggi,Sangat Tinggi,Low,2026-07-01,"Website, Media",Fokus pada otomatisasi gudang
COMP-002,PT Chandra Asri Pacific Tbk,Chandra Asri,IND-001,Manufaktur,Petrokimia,Tbk,Jakarta,Indonesia,chandra-asri.com,linkedin.com/company/chandraasri,Enterprise,2000+,Rp40 Triliun,Produsen petrokimia terintegrasi,"Olefin, Polyolefin",SAP S/4HANA,5,Jawa Barat,Director,"Elitery, SPIL",Existing Client,88,High,Transisi energi dan dekarbonisasi operasional pabrik,Ketergantungan pada listrik grid (fosil) PLN,"PLTS Skala Besar, BESS",Tinggi,Medium,Medium,2026-07-02,Laporan Keberlanjutan,Memiliki target Net Zero kuat
COMP-003,PT Kredit Utama Fintech Indonesia,Rupiah Cepat,IND-002,Teknologi,P2P Lending,PMA,Jakarta,Indonesia,rupiahcepat.co.id,linkedin.com/company/rupiahcepat,Medium,300+,Rp1 Triliun,Platform pinjaman online (P2P) berizin OJK,Pinjaman Tunai B2C,"AWS, Microservices",1,Nasional (Digital),VP / Director,"Transcosmos, DIKA",Prospect,90,High,Menekan angka NPL akibat makroekonomi,"Rasio gagal bayar naik, debt collector internal kurang","BPO Telecollection, AI Voicebot",Tinggi,Sangat Tinggi,High,2026-07-09,Analisis Data Pasar,Banyak pengajuan restrukturisasi dari klien B2C
COMP-004,PT Bayan Resources Tbk,Bayan,IND-003,Energi,Tambang Batu Bara,Tbk,Jakarta,Indonesia,bayan.com.sg,linkedin.com/company/bayan-resources,Enterprise,3000+,Rp30 Triliun,Konglomerasi eksplorasi dan produksi batu bara,Batu Bara Termal,SAP,10,Kalimantan,Director,"Ancara, Pelita Logistik",Prospect,85,High,Menekan biaya logistik pengangkutan,"Biaya hauling (angkutan) mahal, efisiensi rendah","Logistik Terpadu, FMS, PLTS Off-Grid",Medium,Tinggi,Medium,2026-07-05,Laporan Tahunan,Margin laba sedang tinggi
COMP-005,PT Mitra Adiperkasa Tbk,MAP,IND-005,Ritel,Ritel Gaya Hidup,Tbk,Jakarta,Indonesia,map.co.id,linkedin.com/company/mitra-adiperkasa,Enterprise,25000+,Rp25 Triliun,Pengelola ratusan merek ritel global,"Fashion, F&B, Dept Store","Lokal HRIS, Azure",2000+,Seluruh Indonesia,CHRO,"Gadjian, SAP",Prospect,92,High,Manajemen SDM dengan tingkat turnover tinggi di ritel,"Kesalahan hitung payroll, denda telat bayar pajak","Payroll Outsourcing, BPO Rekrutmen",Sangat Tinggi,Tinggi,Low,2026-07-08,Berita Industri,Sangat terbuka pada outsourcing efisiensi
COMP-006,PT Bank Raya Indonesia Tbk,Bank Raya,IND-006,Keuangan,Perbankan Digital,Tbk,Jakarta,Indonesia,bankraya.co.id,linkedin.com/company/bank-raya,Enterprise,1000+,Rp3 Triliun,Bank digital anak usaha BUMN,"Tabungan Digital, Pinjaman","Google Cloud, Kubernetes",15,Nasional (Digital),CIO,Telkomsigma,Existing Client,80,Medium,Keamanan transaksi digital,Serangan siber ransomware dan phishing,"Managed Security (SOC), Penetration Testing",Medium,Tinggi,High,2026-07-03,Website,Mengutamakan vendor bersertifikasi ISO 27001
COMP-007,PT Indofood CBP Sukses Makmur Tbk,ICBP,IND-001,Manufaktur,FMCG,Tbk,Jakarta,Indonesia,indofoodcbp.com,linkedin.com/company/indofood,Enterprise,35000+,Rp60 Triliun,Produsen mi instan dan makanan minuman,"Indomie, Susu, Bumbu","SAP, On-Premise Server",50+,Global,General Affairs Dir,"Sapta Sarana, ISS",Prospect,85,Medium,Standardisasi fasilitas operasional di puluhan pabrik,Vendor cleaning & security terlalu banyak dan standar beda,Facility Mgmt Outsourcing (Nasional),Tinggi,Medium,Low,2026-07-04,Laporan Tahunan,Menuntut SLA kebersihan tingkat food-grade
COMP-008,PT Citra Van Titipan Kilat,TIKI,IND-004,Transportasi & Logistik,Ekspedisi,Swasta,Jakarta,Indonesia,tiki.id,linkedin.com/company/tiki,Enterprise,6000+,Rp5 Triliun,Perusahaan logistik tertua di Indonesia,"SDS, ONS, REG Delivery",Lokal ERP,500+,Seluruh Indonesia,IT Director,Lintas Teknologi,Prospect,82,High,Modernisasi infrastruktur jaringan cabang,Koneksi internet cabang di daerah terpencil lambat/putus,"Managed SD-WAN, Cloud IaaS",Medium,Tinggi,Medium,2026-07-06,"Website, Asperindo",Sedang transformasi digital agresif
COMP-009,PT Adaro Energy Indonesia Tbk,Adaro,IND-003,Energi,Tambang Batu Bara,Tbk,Jakarta,Indonesia,adaro.com,linkedin.com/company/adaro,Enterprise,10000+,Rp50 Triliun,Perusahaan energi dan tambang terintegrasi,"Batu Bara, Logistik",SAP S/4HANA,20,"Kalimantan, Sumatra",Director,"Pelita Logistik, B-Log",Prospect,88,High,Efisiensi energi pada wilayah operasional terpencil,Ketergantungan genset diesel berbiaya mahal di site tambang,"PLTS Off-Grid Hybrid, BESS",Tinggi,Tinggi,Medium,2026-07-07,"RUPTL, Berita",Fokus kuat pada transisi ke Adaro Green
COMP-010,PT GoTo Gojek Tokopedia Tbk,GoTo,IND-002,Teknologi,Ekosistem Digital,Tbk,Jakarta,Indonesia,gotocompany.com,linkedin.com/company/gotogroup,Enterprise,8000+,Rp14 Triliun,"Ekosistem ride-hailing, e-commerce, dan fintech","Gojek, Tokopedia, GoPay","GCP, AWS",10+,Asia Tenggara,VP Operations,"Infomedia, Teleperformance",Existing Client,95,High,Menjaga efisiensi burn rate namun CX tetap tinggi,Biaya agen CS mahal saat tidak peak season,BPO Omnichannel berbasis AI (Pay-per-use),Sangat Tinggi,Sangat Tinggi,Low,2026-07-10,Laporan Keuangan,Sangat reseptif terhadap solusi AI efisiensi
COMP-011,PT Bank Digital Nusantara,BDN Bank,IND-006,Perbankan,Perbankan Digital,Tbk,Jakarta,Indonesia,bdnbank.co.id,linkedin.com/company/bdnbank,Enterprise,1500+,Rp8 Triliun,Bank digital yang fokus pada lending dan wealth management dengan platform mobile-first.,"Tabungan Digital, Pinjaman Pribadi, Wealth Management, Open Banking API","AWS, Kubernetes, Microservices, Oracle Banking",15,Nasional (Digital),C-Level,"Temenos, Accenture",Prospect,92,High,"Kompetisi ketat dari fintech dan bank digital lain, compliance OJK open banking","Legacy core banking lambat, kesulitan integrasi API","Core Banking Modernization, Open Banking Platform",Sangat Tinggi,Sangat Tinggi,Medium,2026-07-09,"Website, Annual Report",Sedang agresif ekspansi digital lending; butuh modernisasi core
COMP-012,PT Sawit Makmur Sejahtera,SMS Group,IND-007,Pertanian & Perkebunan,Perkebunan Kelapa Sawit,Swasta,Medan,Indonesia,sawitmakmur.co.id,linkedin.com/company/sawitmakmur,Enterprise,8000+,Rp12 Triliun,Produsen CPO dan produk turunan kelapa sawit dengan operasi di Sumatera dan Kalimantan.,"Crude Palm Oil, Palm Kernel Oil, Refinery Products","SAP, IoT Sensor Kebun, Genset Hybrid",12,"Sumatera, Kalimantan",Director,"Xurya, Local EPC",Prospect,85,High,"Tekanan ESG dari buyer Eropa, biaya energi tinggi",Ketergantungan genset diesel dan PLN fosil,"PLTS Atap + BESS, Carbon Accounting",Tinggi,Medium,Medium,2026-07-08,Laporan Keberlanjutan,Memiliki target Net Zero 2035; potensi besar PLTS
COMP-013,PT Marketplace Nusantara,MKT Nusantara,IND-002,E-Commerce & Marketplace,E-Commerce Platform,Tbk,Jakarta,Indonesia,mktnusantara.co.id,linkedin.com/company/mktnusantara,Enterprise,5000+,Rp18 Triliun,Platform e-commerce lokal dengan fokus pada UMKM dan logistik terintegrasi.,"Marketplace, Logistics Fulfillment, Payment Gateway","AWS, Custom CRM, MongoDB",25,Seluruh Indonesia,VP Operations,"Infomedia, Local BPO",Prospect,94,High,Skalabilitas CX saat peak season,Biaya agen CS tinggi saat promo,BPO Omnichannel + AI Agent,Sangat Tinggi,Sangat Tinggi,Low,2026-07-10,Laporan Keuangan,Volume CX sangat musiman; reseptif AI solution
COMP-014,PT Medika Sejahtera Group,Medika Group,IND-008,Kesehatan,Rumah Sakit Swasta,Swasta,Surabaya,Indonesia,medikasejahtera.co.id,linkedin.com/company/medikasejahtera,Enterprise,12000+,Rp7 Triliun,Jaringan rumah sakit swasta dengan 12 fasilitas di Jawa dan Sumatera.,"Layanan Kesehatan Rawat Inap & Jalan, Telemedicine","HIS, PACS, Hybrid Cloud",12,"Jawa, Sumatera",CISO / Director,Lintas Teknologi,Prospect,89,High,Perlindungan data pasien dan ancaman ransomware,Security posture belum Zero Trust,Zero Trust & Managed SOC,Tinggi,Tinggi,High,2026-07-07,Website,Fokus compliance Permenkes & UU PDP
COMP-015,PT Logistik Nusantara Prima,LNP Logistics,IND-004,Logistik & 3PL,Third Party Logistics,Swasta,Jakarta,Indonesia,lnplogistics.co.id,linkedin.com/company/lnplogistics,Enterprise,4500+,Rp9 Triliun,Penyedia 3PL dan warehousing untuk e-commerce dan manufaktur.,"Warehousing, Distribution, Fulfillment","Legacy WMS, Manual Picking",18,Seluruh Indonesia,COO,Local Integrator,Prospect,87,High,Efisiensi gudang dan throughput saat peak,Error picking dan fulfillment lambat,WMS + Robotics Automation,Tinggi,Tinggi,Medium,2026-07-06,Website,Sedang ekspansi gudang modern
COMP-016,PT Asuransi Jiwa Nusantara,AJN Insurance,IND-009,Asuransi,Asuransi Jiwa,Tbk,Jakarta,Indonesia,ajninsurance.co.id,linkedin.com/company/ajninsurance,Enterprise,3000+,Rp11 Triliun,Perusahaan asuransi jiwa dengan fokus produk proteksi dan investasi.,"Asuransi Jiwa, Kesehatan, Unit Link",Legacy Core Insurance System,45,Nasional,COO,Local System Integrator,Prospect,83,High,Efisiensi proses underwriting dan klaim,Proses manual dokumen dan backlog,RPA + IDP,Sangat Tinggi,Tinggi,Medium,2026-07-05,Laporan Tahunan,Fokus digital transformation
COMP-017,PT Surya Makmur Group,SM Group,IND-010,Konglomerat & Holding,Diversified Conglomerate,Swasta,Jakarta,Indonesia,suryamakmur.co.id,linkedin.com/company/suryamakmurgroup,Enterprise,25000+,Rp45 Triliun,"Konglomerat dengan bisnis di manufaktur, properti, dan energi.",Diversified Portfolio,"Multi-Cloud (AWS, Azure, GCP)",80+,Seluruh Indonesia,Group CIO,"Accenture, Local MSP",Existing Client,96,High,Governance multi-cloud dan cost control,Cloud spend overrun,FinOps & Cloud Governance,Sangat Tinggi,Sangat Tinggi,Medium,2026-07-10,Annual Report,Sedang push cloud optimization
COMP-018,PT Express Logistik Indonesia,ELI Express,IND-004,Logistik & Kurir,Courier & Delivery,Swasta,Jakarta,Indonesia,eliexpress.co.id,linkedin.com/company/eliexpress,Enterprise,12000+,Rp6 Triliun,Layanan kurir express domestik dengan armada besar.,"Same Day, Next Day Delivery","TMS, Fleet Management",120,Nasional,Director Operations,Local Fleet Provider,Prospect,88,High,Transisi ke green logistics,Biaya BBM armada tinggi,EV Fleet Conversion,Tinggi,Tinggi,Medium,2026-07-04,Website,Target sustainability holding
COMP-019,PT BUMN Mandiri Persada,BMP BUMN,IND-011,BUMN & Pemerintahan,Holding BUMN,BUMN,Jakarta,Indonesia,bmpbumn.co.id,linkedin.com/company/bmpbumn,Enterprise,18000+,Rp22 Triliun,Holding BUMN di sektor infrastruktur dan jasa.,Manajemen SDM Group,Fragmented HRIS,35,Nasional,CHRO,"SAP HCM, Local",Prospect,90,High,Digitalisasi SDM sesuai arahan Kementerian BUMN,Proses HR manual dan turnover tinggi,HRIS Enterprise + Corporate University,Sangat Tinggi,Tinggi,Low,2026-07-10,LKPP,Proyek strategis digitalisasi SDM
COMP-020,PT Bank Retail Nusantara,BRN Bank,IND-006,Perbankan,Retail Banking,Tbk,Jakarta,Indonesia,brnbank.co.id,linkedin.com/company/brnbank,Enterprise,7000+,Rp14 Triliun,Bank retail dengan jaringan luas dan fokus consumer banking.,"Tabungan, Kredit Konsumer, Kartu Kredit","Legacy CRM, Multiple Data Silo",450,Nasional,CMO,"SAS, Local",Existing Client,93,High,Personalization dan retention customer,Tidak ada single customer view,Customer 360 & Advanced Analytics,Sangat Tinggi,Sangat Tinggi,Medium,2026-07-09,Annual Report,Existing relationship di core banking
COMP-021,PT Kawasan Industri Nusantara,KIN Group,IND-012,Properti & Kawasan Industri,Industrial Estate,Tbk,Bekasi,Indonesia,kin.co.id,linkedin.com/company/kin-group,Enterprise,1500+,Rp5 Triliun,Pengembang dan pengelola kawasan industri dan perkantoran.,"Industrial Park, Office Building",Multiple Vendor Facility,8,"Jawa Barat, Jawa Timur",Director Operations,"Sapta Sarana, ISS",Prospect,84,Medium,Standarisasi facility management,Vendor management kompleks,Integrated Facility Management,Tinggi,Tinggi,Low,2026-07-03,Website,Fokus ISO dan tenant satisfaction
COMP-022,PT Pharma Distribusi Indonesia,PDI Pharma,IND-013,Farmasi & Kesehatan,Distribusi Farmasi,Swasta,Jakarta,Indonesia,pdipharma.co.id,linkedin.com/company/pdipharma,Enterprise,3500+,Rp10 Triliun,Distributor obat dan alat kesehatan nasional.,"Distribusi Farmasi, Cold Chain Logistics","Legacy ERP, Site VPN",220,Nasional,CIO,"Telkomsel, XL",Prospect,86,High,Konektivitas cabang dan compliance data,Jaringan cabang lambat,SD-WAN + SASE,Tinggi,Tinggi,Medium,2026-07-08,Website,Regulasi BPOM ketat
COMP-023,PT Nickel Resources Indonesia,NRI Mining,IND-003,Pertambangan,Tambang Nikel,Tbk,Jakarta,Indonesia,nrimining.co.id,linkedin.com/company/nri-mining,Enterprise,6000+,Rp28 Triliun,Produsen nikel untuk baterai EV dengan operasi remote.,"Nickel Ore, Ferronickel",Genset Heavy Duty,6,"Sulawesi, Halmahera",CEO,Essens Renewable,Prospect,82,High,Dekarbonisasi operasional tambang,Biaya energi genset tinggi,Solar Hybrid Microgrid,Tinggi,Tinggi,Medium,2026-07-07,RUPTL,Buyer EV battery mensyaratkan ESG
COMP-024,PT Finance Nusantara Mandiri,FNM Finance,IND-014,Keuangan (Multifinance),Multifinance,PMA,Jakarta,Indonesia,fnmfinance.co.id,linkedin.com/company/fnmfinance,Enterprise,1200+,Rp4 Triliun,Perusahaan pembiayaan konsumer dan kendaraan.,"Pembiayaan Kendaraan, Multiguna",LOS/LMS System,80,Nasional,CRO,Local Collection,Prospect,91,High,Manajemen NPL dan collection efisien,Recovery rate rendah dan compliance OJK,Digital Debt Collection Platform,Sangat Tinggi,Tinggi,High,2026-07-10,OJK Report,NPL bucket naik; butuh solusi digital
COMP-025,PT Office Tower Indonesia,OTI Tower,IND-012,Properti & Real Estate,Commercial Property,Tbk,Jakarta,Indonesia,otitower.co.id,linkedin.com/company/oti-tower,Enterprise,800+,Rp3 Triliun,Pengelola gedung perkantoran Grade A di CBD Jakarta.,"Office Leasing, Property Management",Legacy BMS,5,Jakarta,Property Director,Johnson Controls,Existing Client,90,Medium,Efisiensi energi dan tenant experience,Energy consumption tinggi,Smart Building & BMS Upgrade,Tinggi,Tinggi,Low,2026-07-10,Website,Target green building certification
COMP-026,PT Bank Central Asia Tbk,BCA,IND-000002,Banking,Commercial Banking,Public Company (Tbk),Jakarta,Indonesia,https://www.bca.co.id,,Enterprise,Public filings,Public filings,Major Indonesian commercial bank providing retail and commercial banking services.,"Retail banking, SME, payments, wealth","Core banking, digital channels",Nationwide,Indonesia,C-Level / Board,,,,,"Digital competition, cyber risk, regulatory change","Legacy modernization, customer digital shift","Digital platform scale, cyber resilience",,,Medium,2026-07-10,SRC-000010;SRC-000001;SRC-000004,confidence=0.93 | sources=SRC-000010;SRC-000001;SRC-000004 | retrieved=2026-07-10 | version=knowledge-v2.0-batch-004-company | batch=Batch-004 | class=public_company_profile | grounding=public_filings_and_official_sites_only | no_private_crm_claims | dps=v1.0
COMP-027,PT Bank Rakyat Indonesia (Persero) Tbk,BRI,IND-000002,Banking,Commercial / Micro Banking,SOE Public (Tbk),Jakarta,Indonesia,https://www.bri.co.id,,Enterprise,Public filings,Public filings,State-linked bank with large micro and MSME franchise across Indonesia.,"Microfinance, retail, commercial banking","Core banking, agent network systems",Nationwide,Indonesia,C-Level / Board,,,,,"MSME risk cycles, digital inclusion",Agent network quality variance,"Digital micro services, risk analytics",,,Medium,2026-07-10,SRC-000010;SRC-000001;SRC-000004,confidence=0.93 | sources=SRC-000010;SRC-000001;SRC-000004 | retrieved=2026-07-10 | version=knowledge-v2.0-batch-004-company | batch=Batch-004 | class=public_company_profile | grounding=public_filings_and_official_sites_only | no_private_crm_claims | dps=v1.0
COMP-028,PT Bank Mandiri (Persero) Tbk,Bank Mandiri,IND-000002,Banking,Commercial Banking,SOE Public (Tbk),Jakarta,Indonesia,https://www.bankmandiri.co.id,,Enterprise,Public filings,Public filings,"Large Indonesian bank serving corporate, commercial, and retail segments.","Corporate banking, retail, transaction banking","Core banking, wholesale platforms",Nationwide,Indonesia,C-Level / Board,,,,,"Corporate credit cycles, digital rivals",Complex wholesale tech estates,"Wholesale digital, data platforms",,,Medium,2026-07-10,SRC-000010;SRC-000001;SRC-000004,confidence=0.93 | sources=SRC-000010;SRC-000001;SRC-000004 | retrieved=2026-07-10 | version=knowledge-v2.0-batch-004-company | batch=Batch-004 | class=public_company_profile | grounding=public_filings_and_official_sites_only | no_private_crm_claims | dps=v1.0
COMP-029,PT Telekomunikasi Indonesia (Persero) Tbk,Telkom,IND-000003,Telecommunications,Fixed & Digital Infrastructure,SOE Public (Tbk),Bandung/Jakarta,Indonesia,https://www.telkom.co.id,,Enterprise,Public filings,Public filings,Indonesia's primary fixed-line and digital infrastructure group.,"Connectivity, enterprise solutions, digital services","Network OSS/BSS, cloud adjacency",Nationwide,Indonesia,C-Level / Board,,,,,"Mobile competition via subsidiaries, capex intensity",Legacy network modernization,"Fiber densification, enterprise ICT",,,Medium,2026-07-10,SRC-000001;SRC-000004;SRC-000005,confidence=0.92 | sources=SRC-000001;SRC-000004;SRC-000005 | retrieved=2026-07-10 | version=knowledge-v2.0-batch-004-company | batch=Batch-004 | class=public_company_profile | grounding=public_filings_and_official_sites_only | no_private_crm_claims | dps=v1.0
COMP-030,PT Telekomunikasi Selular,Telkomsel,IND-000003,Telecommunications,Mobile Network Operator,Subsidiary / Joint Venture,Jakarta,Indonesia,https://www.telkomsel.com,,Enterprise,Public materials,Public materials,Leading Indonesian mobile operator under Telkom group.,"Mobile voice/data, digital lifestyle services","RAN/core, BSS, digital apps",Nationwide,Indonesia,C-Level,,,,,"ARPU pressure, data competition",Network densification costs,"5G/enterprise mobile, digital services",,,Medium,2026-07-10,SRC-000001;SRC-000004,confidence=0.91 | sources=SRC-000001;SRC-000004 | retrieved=2026-07-10 | version=knowledge-v2.0-batch-004-company | batch=Batch-004 | class=public_company_profile | grounding=public_filings_and_official_sites_only | no_private_crm_claims | dps=v1.0
COMP-031,PT Indosat Tbk,Indosat Ooredoo Hutchison,IND-000003,Telecommunications,Mobile Network Operator,Public Company (Tbk),Jakarta,Indonesia,https://www.indosatooredoo.com,,Enterprise,Public filings,Public filings,Major Indonesian mobile network operator after industry consolidation.,"Mobile connectivity, enterprise ICT","RAN/core, digital platforms",Nationwide,Indonesia,C-Level,,,,,"Competitive pricing, integration complexity",Post-merger systems integration,"Network efficiency, B2B ICT",,,Medium,2026-07-10,SRC-000001;SRC-000004,confidence=0.90 | sources=SRC-000001;SRC-000004 | retrieved=2026-07-10 | version=knowledge-v2.0-batch-004-company | batch=Batch-004 | class=public_company_profile | grounding=public_filings_and_official_sites_only | no_private_crm_claims | dps=v1.0
COMP-032,PT XL Axiata Tbk,XL,IND-000003,Telecommunications,Mobile Network Operator,Public Company (Tbk),Jakarta,Indonesia,https://www.xl.co.id,,Enterprise,Public filings,Public filings,Indonesian mobile operator serving consumer and enterprise segments.,"Mobile data, enterprise connectivity","RAN/core, digital services",Nationwide,Indonesia,C-Level,,,,,Spectrum and competition intensity,Monetizing data growth,"Enterprise solutions, network modernisation",,,Medium,2026-07-10,SRC-000001;SRC-000004,confidence=0.90 | sources=SRC-000001;SRC-000004 | retrieved=2026-07-10 | version=knowledge-v2.0-batch-004-company | batch=Batch-004 | class=public_company_profile | grounding=public_filings_and_official_sites_only | no_private_crm_claims | dps=v1.0
COMP-033,PT Astra International Tbk,Astra,IND-000021,Automotive,Automotive & Diversified Conglomerate,Public Company (Tbk),Jakarta,Indonesia,https://www.astra.co.id,,Enterprise,Public filings,Public filings,Diversified group with automotive distribution/manufacturing and other businesses.,"Automotive distribution, heavy equipment adjacency, financial services units","Dealer systems, industrial ops tech",Nationwide,Indonesia,C-Level / Board,,,,,"EV transition, commodity cycles in related units",Portfolio transformation,"EV ecosystem, digital dealer ops",,,Medium,2026-07-10,SRC-000001;SRC-000007;SRC-000004,confidence=0.92 | sources=SRC-000001;SRC-000007;SRC-000004 | retrieved=2026-07-10 | version=knowledge-v2.0-batch-004-company | batch=Batch-004 | class=public_company_profile | grounding=public_filings_and_official_sites_only | no_private_crm_claims | dps=v1.0
COMP-034,PT Toyota Motor Manufacturing Indonesia,TMMIN,IND-000021,Automotive,Automotive Manufacturing,Manufacturer,Karawang / Jakarta area,Indonesia,https://www.toyota.co.id,,Enterprise,Public materials,Public materials,Automotive manufacturing operations associated with Toyota Indonesia ecosystem.,Vehicle manufacturing / related components ecosystem,"Manufacturing systems, quality systems",Java industrial estates,Indonesia,Plant / Ops leadership,,,,,"Supply chain resilience, EV shift",Local content and supplier readiness,"Industrial digitalization, supplier development",,,Medium,2026-07-10,SRC-000007;SRC-000001,confidence=0.88 | sources=SRC-000007;SRC-000001 | retrieved=2026-07-10 | version=knowledge-v2.0-batch-004-company | batch=Batch-004 | class=public_company_profile | grounding=public_filings_and_official_sites_only | no_private_crm_claims | dps=v1.0
COMP-035,PT Unilever Indonesia Tbk,Unilever Indonesia,IND-000017,Food & Beverage Processing,FMCG,Public Company (Tbk),Tangerang / Jakarta,Indonesia,https://www.unilever.co.id,,Enterprise,Public filings,Public filings,Major FMCG company manufacturing and marketing consumer brands in Indonesia.,"Home care, personal care, foods & refreshment brands","Manufacturing, route-to-market systems",Nationwide distribution,Indonesia,C-Level,,,,,"Commodity costs, channel shift to modern/e-comm",Route-to-market complexity,"Demand sensing, sustainable packaging ops",,,Medium,2026-07-10,SRC-000001;SRC-000004,confidence=0.91 | sources=SRC-000001;SRC-000004 | retrieved=2026-07-10 | version=knowledge-v2.0-batch-004-company | batch=Batch-004 | class=public_company_profile | grounding=public_filings_and_official_sites_only | no_private_crm_claims | dps=v1.0
COMP-036,PT Indofood Sukses Makmur Tbk,Indofood,IND-000017,Food & Beverage Processing,Food Manufacturing,Public Company (Tbk),Jakarta,Indonesia,https://www.indofood.com,,Enterprise,Public filings,Public filings,Leading Indonesian food company with broad consumer food portfolio and agri linkages.,"Consumer foods, noodles, dairy-related, distribution",Manufacturing and distribution systems,Nationwide,Indonesia + exports,C-Level / Board,,,,,"Input cost volatility, competition",Supply chain scale complexity,"Plant efficiency, distribution optimization",,,Medium,2026-07-10,SRC-000001;SRC-000004,confidence=0.92 | sources=SRC-000001;SRC-000004 | retrieved=2026-07-10 | version=knowledge-v2.0-batch-004-company | batch=Batch-004 | class=public_company_profile | grounding=public_filings_and_official_sites_only | no_private_crm_claims | dps=v1.0
COMP-037,PT Mayora Indah Tbk,Mayora,IND-000017,Food & Beverage Processing,FMCG Foods,Public Company (Tbk),Jakarta,Indonesia,https://www.mayoraindah.co.id,,Enterprise,Public filings,Public filings,Indonesian F&B manufacturer known for packaged foods and beverages.,"Biscuits, confectionery, beverages",Manufacturing ops systems,Nationwide / export,Indonesia + export markets,C-Level,,,,,"Commodity prices, export logistics",Multi-SKU complexity,"Plant automation, export logistics",,,Medium,2026-07-10,SRC-000001;SRC-000007,confidence=0.90 | sources=SRC-000001;SRC-000007 | retrieved=2026-07-10 | version=knowledge-v2.0-batch-004-company | batch=Batch-004 | class=public_company_profile | grounding=public_filings_and_official_sites_only | no_private_crm_claims | dps=v1.0
COMP-038,PT Semen Indonesia (Persero) Tbk,SIG,IND-000024,Cement & Building Materials,Cement,SOE Public (Tbk),Jakarta / Gresik,Indonesia,https://sig.id,,Enterprise,Public filings,Public filings,Largest Indonesian cement group serving domestic construction demand.,Cement and building materials,"Plant process control, logistics",Multi-plant Indonesia,Indonesia,C-Level,,,,,"Construction demand cycles, energy costs",Plant energy intensity,"Energy efficiency, logistics optimization",,,Medium,2026-07-10,SRC-000001;SRC-000007;SRC-000004,confidence=0.91 | sources=SRC-000001;SRC-000007;SRC-000004 | retrieved=2026-07-10 | version=knowledge-v2.0-batch-004-company | batch=Batch-004 | class=public_company_profile | grounding=public_filings_and_official_sites_only | no_private_crm_claims | dps=v1.0
COMP-039,PT Indocement Tunggal Prakarsa Tbk,Indocement,IND-000024,Cement & Building Materials,Cement,Public Company (Tbk),Jakarta,Indonesia,https://www.indocement.co.id,,Enterprise,Public filings,Public filings,Major cement producer in Indonesia.,Cement products,"Plant systems, distribution",Multiple plants,Indonesia,C-Level,,,,,"Demand cyclicality, energy",Cost competitiveness,"Alternative fuels, logistics",,,Medium,2026-07-10,SRC-000001;SRC-000007,confidence=0.90 | sources=SRC-000001;SRC-000007 | retrieved=2026-07-10 | version=knowledge-v2.0-batch-004-company | batch=Batch-004 | class=public_company_profile | grounding=public_filings_and_official_sites_only | no_private_crm_claims | dps=v1.0
COMP-040,PT Aneka Tambang Tbk,Antam,IND-000005,Mining & Quarrying,Diversified Mining,SOE Public (Tbk),Jakarta,Indonesia,https://www.antam.com,,Enterprise,Public filings,Public filings,State-linked miner with nickel and other mineral operations.,Nickel and mineral products,"Mine systems, processing plants",Multiple sites,Indonesia,C-Level / Board,,,,,"Commodity prices, ESG scrutiny",Processing upgrades,"Downstream processing, ESG data systems",,,Medium-High,2026-07-10,SRC-000001;SRC-000004;SRC-000006,confidence=0.91 | sources=SRC-000001;SRC-000004;SRC-000006 | retrieved=2026-07-10 | version=knowledge-v2.0-batch-004-company | batch=Batch-004 | class=public_company_profile | grounding=public_filings_and_official_sites_only | no_private_crm_claims | dps=v1.0
COMP-041,PT Vale Indonesia Tbk,Vale Indonesia,IND-000005,Mining & Quarrying,Nickel Mining,Public Company (Tbk),Jakarta / Sulawesi ops,Indonesia,https://www.vale.com/indonesia,,Enterprise,Public filings,Public filings,Nickel mining and processing company operating in Indonesia.,Nickel in matte / related products,Mine/process OT systems,Key Indonesian operations,Indonesia,C-Level,,,,,"Commodity cycles, community & ESG",Energy for processing,"Energy transition for ops, ESG assurance",,,Medium-High,2026-07-10,SRC-000001;SRC-000004;SRC-000006,confidence=0.90 | sources=SRC-000001;SRC-000004;SRC-000006 | retrieved=2026-07-10 | version=knowledge-v2.0-batch-004-company | batch=Batch-004 | class=public_company_profile | grounding=public_filings_and_official_sites_only | no_private_crm_claims | dps=v1.0
COMP-042,PT Bukit Asam Tbk,PTBA,IND-000005,Mining & Quarrying,Coal Mining,SOE Public (Tbk),Tanjung Enim / Jakarta,Indonesia,https://www.ptba.co.id,,Enterprise,Public filings,Public filings,State-linked coal mining company.,Coal production and sales,Mine ops systems,Sumatra operations,Indonesia + export,C-Level,,,,,Energy transition risk,Logistics constraints,"Mine productivity, diversification studies",,,Medium-High,2026-07-10,SRC-000001;SRC-000004,confidence=0.90 | sources=SRC-000001;SRC-000004 | retrieved=2026-07-10 | version=knowledge-v2.0-batch-004-company | batch=Batch-004 | class=public_company_profile | grounding=public_filings_and_official_sites_only | no_private_crm_claims | dps=v1.0
COMP-043,PT Pertamina (Persero),Pertamina,IND-000006,Oil & Gas,Integrated Energy SOE,State-Owned Enterprise,Jakarta,Indonesia,https://www.pertamina.com,,Enterprise,Public materials,Public materials,Indonesia's national energy company spanning oil & gas and energy transition initiatives.,Upstream/downstream energy products and retail fuel network,"Refining, logistics, retail systems",Nationwide,Indonesia + international interests,C-Level / Board,,,,,"Energy transition, refining margins",Complex legacy estates,"Digital ops, renewable portfolio build-out",,,Medium-High,2026-07-10,SRC-000001;SRC-000004;SRC-000006,confidence=0.92 | sources=SRC-000001;SRC-000004;SRC-000006 | retrieved=2026-07-10 | version=knowledge-v2.0-batch-004-company | batch=Batch-004 | class=public_company_profile | grounding=public_filings_and_official_sites_only | no_private_crm_claims | dps=v1.0
COMP-044,PT PLN (Persero),PLN,IND-000007,Electricity & Utilities,Electric Utility,State-Owned Enterprise,Jakarta,Indonesia,https://web.pln.co.id,,Enterprise,Public materials,Public materials,"National electricity utility responsible for generation, transmission, and distribution.",Electricity supply and related services,"Grid OT/IT, customer systems",Nationwide,Indonesia,C-Level / Board,,,,,"Demand growth, generation mix transition",Grid reliability and losses,"Smart grid, AMI, renewable integration",,,Medium,2026-07-10,SRC-000001;SRC-000004;SRC-000006,confidence=0.93 | sources=SRC-000001;SRC-000004;SRC-000006 | retrieved=2026-07-10 | version=knowledge-v2.0-batch-004-company | batch=Batch-004 | class=public_company_profile | grounding=public_filings_and_official_sites_only | no_private_crm_claims | dps=v1.0
COMP-045,PT Perusahaan Gas Negara Tbk,PGN,IND-000006,Oil & Gas,Gas Distribution,SOE Public (Tbk),Jakarta,Indonesia,https://www.pgn.co.id,,Enterprise,Public filings,Public filings,Major natural gas transmission and distribution company in Indonesia.,Gas transmission/distribution,"Pipeline SCADA, commercial systems",Key economic corridors,Indonesia,C-Level,,,,,"Gas supply contracts, infrastructure capex",Network integrity management,"Network digitalization, customer platforms",,,Medium,2026-07-10,SRC-000001;SRC-000004,confidence=0.90 | sources=SRC-000001;SRC-000004 | retrieved=2026-07-10 | version=knowledge-v2.0-batch-004-company | batch=Batch-004 | class=public_company_profile | grounding=public_filings_and_official_sites_only | no_private_crm_claims | dps=v1.0
COMP-046,PT Waskita Karya (Persero) Tbk,Waskita,IND-000009,Construction,Infrastructure Construction,SOE Public (Tbk),Jakarta,Indonesia,https://www.waskita.co.id,,Enterprise,Public filings,Public filings,Construction company engaged in infrastructure and building projects.,"Civil construction, infrastructure",Project controls systems,Project sites nationwide,Indonesia,C-Level,,,,,"Project cash cycles, sector demand",Project controls discipline,Project controls digitalization,,,High,2026-07-10,SRC-000001;SRC-000008,confidence=0.88 | sources=SRC-000001;SRC-000008 | retrieved=2026-07-10 | version=knowledge-v2.0-batch-004-company | batch=Batch-004 | class=public_company_profile | grounding=public_filings_and_official_sites_only | no_private_crm_claims | dps=v1.0
COMP-047,PT Wijaya Karya (Persero) Tbk,WIKA,IND-000009,Construction,Construction & EPC,SOE Public (Tbk),Jakarta,Indonesia,https://www.wika.co.id,,Enterprise,Public filings,Public filings,Construction and engineering group active in infrastructure projects.,"Construction, EPC-related businesses",Project management systems,Multi-project,Indonesia + selective overseas,C-Level,,,,,"Funding cycles, execution risk",Multi-project coordination,Digital project controls,,,Medium-High,2026-07-10,SRC-000001;SRC-000008,confidence=0.89 | sources=SRC-000001;SRC-000008 | retrieved=2026-07-10 | version=knowledge-v2.0-batch-004-company | batch=Batch-004 | class=public_company_profile | grounding=public_filings_and_official_sites_only | no_private_crm_claims | dps=v1.0
COMP-048,PT Jasa Marga (Persero) Tbk,Jasa Marga,IND-000010,Transportation & Logistics,Toll Road Operator,SOE Public (Tbk),Jakarta,Indonesia,https://www.jasamarga.com,,Enterprise,Public filings,Public filings,Major toll road developer and operator in Indonesia.,Toll road operations and related services,"Toll systems, traffic ops",Multiple corridors,Indonesia,C-Level,,,,,"Traffic demand variability, capex",Toll system modernization,"ITS, cashless toll ops",,,Medium,2026-07-10,SRC-000001;SRC-000004,confidence=0.90 | sources=SRC-000001;SRC-000004 | retrieved=2026-07-10 | version=knowledge-v2.0-batch-004-company | batch=Batch-004 | class=public_company_profile | grounding=public_filings_and_official_sites_only | no_private_crm_claims | dps=v1.0
COMP-049,PT Garuda Indonesia (Persero) Tbk,Garuda Indonesia,IND-000038,Aviation,Full-Service Carrier,SOE Public (Tbk),Jakarta,Indonesia,https://www.garuda-indonesia.com,,Enterprise,Public filings,Public filings,National flag carrier airline.,Passenger and cargo air transport,PSS/airline ops systems,Domestic + international network,Indonesia + international,C-Level,,,,,"Fuel costs, demand recovery, restructuring",Fleet and ops efficiency,"Ops systems modernization, cargo",,,High,2026-07-10,SRC-000001;SRC-000004,confidence=0.89 | sources=SRC-000001;SRC-000004 | retrieved=2026-07-10 | version=knowledge-v2.0-batch-004-company | batch=Batch-004 | class=public_company_profile | grounding=public_filings_and_official_sites_only | no_private_crm_claims | dps=v1.0
COMP-050,PT Angkasa Pura Indonesia,Angkasa Pura,IND-000038,Aviation,Airport Operator,State-Owned Enterprise / Group,Jakarta,Indonesia,https://www.ap1.co.id,,Enterprise,Public materials,Public materials,Airport operator group managing major Indonesian airports (group branding evolves).,Airport operations and commercial services,Airport ops systems,Multiple airports,Indonesia,C-Level,,,,,"Traffic volatility, capex",Passenger experience systems,"Airport digital ops, non-aero revenue systems",,,Medium,2026-07-10,SRC-000001;SRC-000004,confidence=0.87 | sources=SRC-000001;SRC-000004 | retrieved=2026-07-10 | version=knowledge-v2.0-batch-004-company | batch=Batch-004 | class=public_company_profile | grounding=public_filings_and_official_sites_only | no_private_crm_claims | dps=v1.0
COMP-051,PT Pelabuhan Indonesia (Persero),Pelindo,IND-000040,Ports & Terminals,Port Operator,State-Owned Enterprise,Jakarta,Indonesia,https://www.pelindo.co.id,,Enterprise,Public materials,Public materials,Integrated national port operator after port SOE integration.,Port and terminal operations,Terminal operating systems,Major ports nationwide,Indonesia,C-Level / Board,,,,,"Trade volumes, integration of entities",System standardization post-integration,"TOS modernization, logistics integration",,,Medium,2026-07-10,SRC-000001;SRC-000006;SRC-000004,confidence=0.90 | sources=SRC-000001;SRC-000006;SRC-000004 | retrieved=2026-07-10 | version=knowledge-v2.0-batch-004-company | batch=Batch-004 | class=public_company_profile | grounding=public_filings_and_official_sites_only | no_private_crm_claims | dps=v1.0
COMP-052,PT Samudera Indonesia Tbk,Samudera,IND-000039,Maritime & Shipping,Shipping & Logistics,Public Company (Tbk),Jakarta,Indonesia,https://www.samudera.id,,Enterprise,Public filings,Public filings,Shipping and logistics company listed in Indonesia.,"Shipping, logistics services",Fleet/ops systems,Domestic/regional lanes,Indonesia + regional,C-Level,,,,,Freight rate cycles,Fleet utilization,Digital logistics visibility,,,Medium,2026-07-10,SRC-000001;SRC-000004,confidence=0.88 | sources=SRC-000001;SRC-000004 | retrieved=2026-07-10 | version=knowledge-v2.0-batch-004-company | batch=Batch-004 | class=public_company_profile | grounding=public_filings_and_official_sites_only | no_private_crm_claims | dps=v1.0
COMP-053,PT Bukalapak.com Tbk,Bukalapak,IND-000014,E-commerce,Marketplace,Public Company (Tbk),Jakarta,Indonesia,https://www.bukalapak.com,,Enterprise,Public filings,Public filings,Indonesian e-commerce marketplace company.,Online marketplace and related digital services,Marketplace platforms,Nationwide digital,Indonesia,C-Level,,,,,"Competitive intensity, monetization",Seller quality and logistics partners,"Seller tools, fintech adjacency controls",,,Medium-High,2026-07-10,SRC-000004;SRC-000001,confidence=0.89 | sources=SRC-000004;SRC-000001 | retrieved=2026-07-10 | version=knowledge-v2.0-batch-004-company | batch=Batch-004 | class=public_company_profile | grounding=public_filings_and_official_sites_only | no_private_crm_claims | dps=v1.0
COMP-054,PT Global Digital Niaga Tbk,Blibli,IND-000014,E-commerce,Marketplace / Retail Digital,Public Company (Tbk),Jakarta,Indonesia,https://www.blibli.com,,Enterprise,Public filings,Public filings,Indonesian digital commerce company operating marketplace and retail digital channels.,Marketplace and digital retail,Commerce platforms,Nationwide digital,Indonesia,C-Level,,,,,"Competition, logistics cost",Fulfillment reliability,"WMS/OMS optimization, data platforms",,,Medium,2026-07-10,SRC-000004;SRC-000001,confidence=0.88 | sources=SRC-000004;SRC-000001 | retrieved=2026-07-10 | version=knowledge-v2.0-batch-004-company | batch=Batch-004 | class=public_company_profile | grounding=public_filings_and_official_sites_only | no_private_crm_claims | dps=v1.0
COMP-055,PT Media Nusantara Citra Tbk,MNC Media,IND-000036,Media & Entertainment,Broadcast Media,Public Company (Tbk),Jakarta,Indonesia,https://www.mnc.co.id,,Enterprise,Public filings,Public filings,Media group with free-to-air TV and content businesses.,"TV broadcasting, content","Broadcast systems, digital content platforms",Nationwide broadcast,Indonesia,C-Level,,,,,"Ad market cycles, digital shift",Linear-to-digital transition,"Digital ad stack, content platforms",,,Medium,2026-07-10,SRC-000001;SRC-000004,confidence=0.88 | sources=SRC-000001;SRC-000004 | retrieved=2026-07-10 | version=knowledge-v2.0-batch-004-company | batch=Batch-004 | class=public_company_profile | grounding=public_filings_and_official_sites_only | no_private_crm_claims | dps=v1.0
COMP-056,PT Elang Mahkota Teknologi Tbk,Emtek,IND-000036,Media & Entertainment,Media & Digital,Public Company (Tbk),Jakarta,Indonesia,https://www.emtek.co.id,,Enterprise,Public filings,Public filings,Media and technology investment group including broadcast and digital platforms.,"Media, digital services portfolio",Broadcast/digital platforms,Nationwide,Indonesia,C-Level / Board,,,,,"Advertising cycles, platform competition",Portfolio focus,"Digital platform scale, data",,,Medium,2026-07-10,SRC-000001;SRC-000004,confidence=0.88 | sources=SRC-000001;SRC-000004 | retrieved=2026-07-10 | version=knowledge-v2.0-batch-004-company | batch=Batch-004 | class=public_company_profile | grounding=public_filings_and_official_sites_only | no_private_crm_claims | dps=v1.0
COMP-057,PT Kalbe Farma Tbk,Kalbe,IND-000026,Pharmaceuticals,Pharma & Health,Public Company (Tbk),Jakarta,Indonesia,https://www.kalbe.co.id,,Enterprise,Public filings,Public filings,Leading Indonesian pharmaceutical and health company.,"Pharmaceuticals, consumer health, distribution","Manufacturing quality systems, distribution",Nationwide,Indonesia + export,C-Level,,,,,"Regulation, competition, API supply",Quality compliance load,"Quality digitalization, distribution analytics",,,Medium,2026-07-10,SRC-000001;SRC-000004;SRC-000007,confidence=0.91 | sources=SRC-000001;SRC-000004;SRC-000007 | retrieved=2026-07-10 | version=knowledge-v2.0-batch-004-company | batch=Batch-004 | class=public_company_profile | grounding=public_filings_and_official_sites_only | no_private_crm_claims | dps=v1.0
COMP-058,PT Kimia Farma Tbk,Kimia Farma,IND-000026,Pharmaceuticals,Pharma SOE,SOE Public (Tbk),Jakarta,Indonesia,https://www.kimiafarma.co.id,,Enterprise,Public filings,Public filings,State-linked pharmaceutical manufacturer and pharmacy network operator.,"Pharma manufacturing, pharmacy retail",Manufacturing & retail systems,Nationwide pharmacies,Indonesia,C-Level,,,,,Healthcare policy shifts,Network pharmacy ops consistency,"Retail systems, manufacturing quality systems",,,Medium,2026-07-10,SRC-000001;SRC-000004,confidence=0.89 | sources=SRC-000001;SRC-000004 | retrieved=2026-07-10 | version=knowledge-v2.0-batch-004-company | batch=Batch-004 | class=public_company_profile | grounding=public_filings_and_official_sites_only | no_private_crm_claims | dps=v1.0
COMP-059,PT Siloam International Hospitals Tbk,Siloam,IND-000027,Healthcare Services,Hospital Network,Public Company (Tbk),Tangerang / Jakarta,Indonesia,https://www.siloamhospitals.com,,Enterprise,Public filings,Public filings,Private hospital network operating multi-city facilities.,Hospital services,HIS/clinical systems,Multi-city hospitals,Indonesia,C-Level,,,,,"Talent competition, cost inflation",Clinical system standardization,"HIS integration, revenue cycle systems",,,Medium,2026-07-10,SRC-000001;SRC-000004,confidence=0.90 | sources=SRC-000001;SRC-000004 | retrieved=2026-07-10 | version=knowledge-v2.0-batch-004-company | batch=Batch-004 | class=public_company_profile | grounding=public_filings_and_official_sites_only | no_private_crm_claims | dps=v1.0
COMP-060,PT Mitra Keluarga Karyasehat Tbk,Mitra Keluarga,IND-000027,Healthcare Services,Hospital Network,Public Company (Tbk),Jakarta,Indonesia,https://www.mitrakeluarga.com,,Enterprise,Public filings,Public filings,Private hospital group serving Indonesian urban markets.,Hospital care services,Hospital information systems,Multiple hospitals,Indonesia,C-Level,,,,,Capacity expansion quality,Clinical ops standardization,"Digital clinical pathways, RCM",,,Medium,2026-07-10,SRC-000001;SRC-000004,confidence=0.89 | sources=SRC-000001;SRC-000004 | retrieved=2026-07-10 | version=knowledge-v2.0-batch-004-company | batch=Batch-004 | class=public_company_profile | grounding=public_filings_and_official_sites_only | no_private_crm_claims | dps=v1.0
COMP-061,PT Asuransi Tugu Pratama Indonesia Tbk,Tugu Insurance,IND-000028,Insurance,General Insurance,Public Company (Tbk),Jakarta,Indonesia,https://www.tugu.com,,Enterprise,Public filings,Public filings,General insurance company listed in Indonesia.,General insurance products,Policy/claims systems,Nationwide distribution partners,Indonesia,C-Level,,,,,"Underwriting cycles, catastrophe risk",Claims ops scale,Digital underwriting/claims tooling,,,Medium,2026-07-10,SRC-000010;SRC-000001,confidence=0.88 | sources=SRC-000010;SRC-000001 | retrieved=2026-07-10 | version=knowledge-v2.0-batch-004-company | batch=Batch-004 | class=public_company_profile | grounding=public_filings_and_official_sites_only | no_private_crm_claims | dps=v1.0
COMP-062,PT Asuransi Jiwa Sinarmas MSIG Tbk,Sinarmas MSIG Life,IND-000028,Insurance,Life Insurance,Public Company (Tbk),Jakarta,Indonesia,https://www.sinarmas-msig.com,,Enterprise,Public materials,Public materials,Life insurance joint venture company operating in Indonesia.,Life insurance products,Policy admin systems,Nationwide agency/partners,Indonesia,C-Level,,,,,"Interest rate / investment risk, distribution",Policy admin efficiency,"Digital distribution, PAS modernization",,,Medium,2026-07-10,SRC-000010;SRC-000001,confidence=0.87 | sources=SRC-000010;SRC-000001 | retrieved=2026-07-10 | version=knowledge-v2.0-batch-004-company | batch=Batch-004 | class=public_company_profile | grounding=public_filings_and_official_sites_only | no_private_crm_claims | dps=v1.0
COMP-063,PT Bank Tabungan Negara (Persero) Tbk,BTN,IND-000002,Banking,Housing Finance Focus,SOE Public (Tbk),Jakarta,Indonesia,https://www.btn.co.id,,Enterprise,Public filings,Public filings,Bank with strong housing finance franchise in Indonesia.,Mortgage and retail banking,"Core banking, mortgage ops systems",Nationwide,Indonesia,C-Level,,,,,"Housing market cycles, asset quality",Mortgage process efficiency,Digital mortgage origination,,,Medium,2026-07-10,SRC-000010;SRC-000001,confidence=0.91 | sources=SRC-000010;SRC-000001 | retrieved=2026-07-10 | version=knowledge-v2.0-batch-004-company | batch=Batch-004 | class=public_company_profile | grounding=public_filings_and_official_sites_only | no_private_crm_claims | dps=v1.0
COMP-064,PT Bank Negara Indonesia (Persero) Tbk,BNI,IND-000002,Banking,Commercial Banking,SOE Public (Tbk),Jakarta,Indonesia,https://www.bni.co.id,,Enterprise,Public filings,Public filings,Major Indonesian commercial bank with corporate and retail franchises.,"Corporate, retail, international banking",Core banking platforms,Nationwide + overseas branches,Indonesia + select overseas,C-Level / Board,,,,,"Credit cycles, digital competition",Legacy modernization,"Transaction banking platforms, data",,,Medium,2026-07-10,SRC-000010;SRC-000001;SRC-000004,confidence=0.92 | sources=SRC-000010;SRC-000001;SRC-000004 | retrieved=2026-07-10 | version=knowledge-v2.0-batch-004-company | batch=Batch-004 | class=public_company_profile | grounding=public_filings_and_official_sites_only | no_private_crm_claims | dps=v1.0
COMP-065,PT Bank Syariah Indonesia Tbk,BSI,IND-000002,Banking,Islamic Banking,Public Company (Tbk),Jakarta,Indonesia,https://www.bankbsi.co.id,,Enterprise,Public filings,Public filings,Largest Indonesian Islamic bank following industry consolidation.,Sharia banking products,Core banking / digital channels,Nationwide,Indonesia,C-Level,,,,,Integration legacy of merged entities,Product/system harmonization,Digital sharia banking scale,,,Medium,2026-07-10,SRC-000010;SRC-000001,confidence=0.90 | sources=SRC-000010;SRC-000001 | retrieved=2026-07-10 | version=knowledge-v2.0-batch-004-company | batch=Batch-004 | class=public_company_profile | grounding=public_filings_and_official_sites_only | no_private_crm_claims | dps=v1.0
COMP-066,PT Bank Jago Tbk,Bank Jago,IND-000030,Fintech & Digital Finance,Digital Bank,Public Company (Tbk),Jakarta,Indonesia,https://www.jago.com,,Medium-Enterprise,Public filings,Public filings,Digital-focused bank partnering with ecosystems for retail financial services.,Digital banking products,Cloud-native banking stack (public materials),Digital-first,Indonesia,C-Level,,,,,"Scale economics, partnership dependency",Customer acquisition cost,"Risk engines, partner integrations",,,Medium-High,2026-07-10,SRC-000010;SRC-000004,confidence=0.89 | sources=SRC-000010;SRC-000004 | retrieved=2026-07-10 | version=knowledge-v2.0-batch-004-company | batch=Batch-004 | class=public_company_profile | grounding=public_filings_and_official_sites_only | no_private_crm_claims | dps=v1.0
COMP-067,PT Allo Bank Indonesia Tbk,Allo Bank,IND-000030,Fintech & Digital Finance,Digital Bank,Public Company (Tbk),Jakarta,Indonesia,https://www.allobank.com,,Medium-Enterprise,Public filings,Public filings,Digital banking player in Indonesia.,Digital banking,Digital banking platforms,Digital-first,Indonesia,C-Level,,,,,Competition among digital banks,Differentiation,"Product analytics, risk platforms",,,Medium-High,2026-07-10,SRC-000010;SRC-000004,confidence=0.87 | sources=SRC-000010;SRC-000004 | retrieved=2026-07-10 | version=knowledge-v2.0-batch-004-company | batch=Batch-004 | class=public_company_profile | grounding=public_filings_and_official_sites_only | no_private_crm_claims | dps=v1.0
COMP-068,PT Bank Neo Commerce Tbk,Bank Neo Commerce,IND-000030,Fintech & Digital Finance,Digital Bank,Public Company (Tbk),Jakarta,Indonesia,https://www.bankneocommerce.co.id,,Medium-Enterprise,Public filings,Public filings,Digital banking company serving retail segments in Indonesia.,Digital deposits/loans adjacency,Digital banking systems,Digital-first,Indonesia,C-Level,,,,,"Funding costs, credit quality",Risk operations scale,"Credit decisioning, collections digital",,,Medium-High,2026-07-10,SRC-000010;SRC-000004,confidence=0.87 | sources=SRC-000010;SRC-000004 | retrieved=2026-07-10 | version=knowledge-v2.0-batch-004-company | batch=Batch-004 | class=public_company_profile | grounding=public_filings_and_official_sites_only | no_private_crm_claims | dps=v1.0
COMP-069,PT Ciputra Development Tbk,Ciputra,IND-000033,Real Estate,Property Development,Public Company (Tbk),Jakarta,Indonesia,https://www.ciputra.com,,Enterprise,Public filings,Public filings,Property developer with residential and township projects.,Property development and related services,Project and sales systems,Multi-city projects,Indonesia,C-Level,,,,,"Interest rates, demand cycles",Project delivery coordination,"Sales systems, smart township ops",,,Medium,2026-07-10,SRC-000001;SRC-000004,confidence=0.89 | sources=SRC-000001;SRC-000004 | retrieved=2026-07-10 | version=knowledge-v2.0-batch-004-company | batch=Batch-004 | class=public_company_profile | grounding=public_filings_and_official_sites_only | no_private_crm_claims | dps=v1.0
COMP-070,PT Pakuwon Jati Tbk,Pakuwon,IND-000033,Real Estate,Commercial Property,Public Company (Tbk),Surabaya / Jakarta,Indonesia,https://www.pakuwonjati.com,,Enterprise,Public filings,Public filings,Developer and operator of malls and mixed-use properties.,"Malls, offices, mixed-use",Property ops systems,Key cities,Indonesia,C-Level,,,,,"Retail footfall recovery, e-comm impact",Tenant mix management,"Mall analytics, BMS modernization",,,Medium,2026-07-10,SRC-000001;SRC-000004,confidence=0.88 | sources=SRC-000001;SRC-000004 | retrieved=2026-07-10 | version=knowledge-v2.0-batch-004-company | batch=Batch-004 | class=public_company_profile | grounding=public_filings_and_official_sites_only | no_private_crm_claims | dps=v1.0
COMP-071,PT Alam Sutera Realty Tbk,Alam Sutera,IND-000033,Real Estate,Township Development,Public Company (Tbk),Tangerang,Indonesia,https://www.alam-sutera.com,,Enterprise,Public filings,Public filings,Township and property developer in Greater Jakarta.,Residential/commercial township development,Project systems,Greater Jakarta focus,Indonesia,C-Level,,,,,Property cycles,Infrastructure delivery timing,"Project controls, digital sales",,,Medium,2026-07-10,SRC-000001,confidence=0.86 | sources=SRC-000001 | retrieved=2026-07-10 | version=knowledge-v2.0-batch-004-company | batch=Batch-004 | class=public_company_profile | grounding=public_filings_and_official_sites_only | no_private_crm_claims | dps=v1.0
COMP-072,PT Ace Hardware Indonesia Tbk,ACE Hardware Indonesia,IND-000012,Retail Trade,Home Improvement Retail,Public Company (Tbk),Jakarta,Indonesia,https://www.acehardware.co.id,,Enterprise,Public filings,Public filings,Specialty retail chain for home improvement products.,Retail stores and related channels,Retail POS/inventory systems,Multi-city stores,Indonesia,C-Level,,,,,"Consumer demand, competition",Omnichannel inventory,"WMS/POS optimization, loyalty data",,,Medium,2026-07-10,SRC-000001;SRC-000004,confidence=0.89 | sources=SRC-000001;SRC-000004 | retrieved=2026-07-10 | version=knowledge-v2.0-batch-004-company | batch=Batch-004 | class=public_company_profile | grounding=public_filings_and_official_sites_only | no_private_crm_claims | dps=v1.0
COMP-073,PT Sumber Alfaria Trijaya Tbk,Alfamart,IND-000012,Retail Trade,Convenience Retail,Public Company (Tbk),Tangerang,Indonesia,https://www.alfamartku.com,,Enterprise,Public filings,Public filings,Large convenience store chain operating thousands of outlets.,Convenience retail,"Store systems, supply chain systems",Nationwide store network,Indonesia,C-Level,,,,,"Thin retail margins, competition",Store-level execution consistency,"Fresh supply chain, store analytics",,,Medium,2026-07-10,SRC-000001;SRC-000004,confidence=0.92 | sources=SRC-000001;SRC-000004 | retrieved=2026-07-10 | version=knowledge-v2.0-batch-004-company | batch=Batch-004 | class=public_company_profile | grounding=public_filings_and_official_sites_only | no_private_crm_claims | dps=v1.0
COMP-074,PT Midi Utama Indonesia Tbk,Alfamidi,IND-000012,Retail Trade,Supermarket / Convenience,Public Company (Tbk),Jakarta,Indonesia,https://www.alfamidiku.com,,Enterprise,Public filings,Public filings,Retail chain under related retail group serving mid-format stores.,Grocery/convenience retail,Retail systems,Multi-city,Indonesia,C-Level,,,,,Competition with minimarket peers,Assortment localization,"Inventory optimization, fresh logistics",,,Medium,2026-07-10,SRC-000001,confidence=0.88 | sources=SRC-000001 | retrieved=2026-07-10 | version=knowledge-v2.0-batch-004-company | batch=Batch-004 | class=public_company_profile | grounding=public_filings_and_official_sites_only | no_private_crm_claims | dps=v1.0
COMP-075,PT Aspirasi Hidup Indonesia Tbk,AHI (Informasi Ritel Grup),IND-000012,Retail Trade,Specialty Retail,Public Company (Tbk),Jakarta,Indonesia,https://www.azko.co.id,,Enterprise,Public filings,Public filings,Specialty retail company (home/lifestyle retail brands) listed in Indonesia.,Specialty retail brands/stores,Retail systems,Multi-city,Indonesia,C-Level,,,,,Discretionary spend cycles,Omnichannel execution,"Retail analytics, inventory systems",,,Medium,2026-07-10,SRC-000001,confidence=0.86 | sources=SRC-000001 | retrieved=2026-07-10 | version=knowledge-v2.0-batch-004-company | batch=Batch-004 | class=public_company_profile | grounding=public_filings_and_official_sites_only | no_private_crm_claims | dps=v1.0
COMP-076,PT Tower Bersama Infrastructure Tbk,TBI,IND-000003,Telecommunications,Tower Infrastructure,Public Company (Tbk),Jakarta,Indonesia,https://www.tower-bersama.com,,Enterprise,Public filings,Public filings,Telecommunications tower infrastructure company.,Tower leasing and related infrastructure,Tower ops systems,Nationwide tower footprint,Indonesia,C-Level,,,,,"Tenancy growth cycles, rates",Field ops efficiency,"Field force systems, asset monitoring",,,Medium,2026-07-10,SRC-000001;SRC-000004,confidence=0.89 | sources=SRC-000001;SRC-000004 | retrieved=2026-07-10 | version=knowledge-v2.0-batch-004-company | batch=Batch-004 | class=public_company_profile | grounding=public_filings_and_official_sites_only | no_private_crm_claims | dps=v1.0
COMP-077,PT Sarana Menara Nusantara Tbk,Protelindo / SMN,IND-000003,Telecommunications,Tower Infrastructure,Public Company (Tbk),Jakarta,Indonesia,https://www.ptsmn.co.id,,Enterprise,Public filings,Public filings,Major independent tower company in Indonesia.,Telecom towers and related services,Asset management systems,Nationwide,Indonesia,C-Level,,,,,Operator capex cycles,Site acquisition and maintenance,"IoT site monitoring, field ops",,,Medium,2026-07-10,SRC-000001;SRC-000004,confidence=0.89 | sources=SRC-000001;SRC-000004 | retrieved=2026-07-10 | version=knowledge-v2.0-batch-004-company | batch=Batch-004 | class=public_company_profile | grounding=public_filings_and_official_sites_only | no_private_crm_claims | dps=v1.0
COMP-078,PT Dayamitra Telekomunikasi Tbk,Mitratel,IND-000003,Telecommunications,Tower Infrastructure,Public Company (Tbk),Jakarta,Indonesia,https://www.mitratel.co.id,,Enterprise,Public filings,Public filings,Tower company affiliated with Telkom group.,Tower infrastructure,Asset/ops systems,Nationwide,Indonesia,C-Level,,,,,Industry tenancy competition,Operational excellence at scale,"Digital field ops, energy at site",,,Medium,2026-07-10,SRC-000001;SRC-000004,confidence=0.90 | sources=SRC-000001;SRC-000004 | retrieved=2026-07-10 | version=knowledge-v2.0-batch-004-company | batch=Batch-004 | class=public_company_profile | grounding=public_filings_and_official_sites_only | no_private_crm_claims | dps=v1.0
COMP-079,PT Indah Kiat Pulp & Paper Tbk,Indah Kiat,IND-000001,Manufacturing,Pulp & Paper,Public Company (Tbk),Jakarta / Riau ops,Indonesia,https://www.ikk.co.id,,Enterprise,Public filings,Public filings,Pulp and paper manufacturer within Indonesian industrial groups.,Pulp and paper products,Process manufacturing systems,Key mill locations,Indonesia + export,C-Level,,,,,"Commodity prices, ESG",Energy and environmental compliance,"Process efficiency, environmental monitoring",,,Medium-High,2026-07-10,SRC-000001;SRC-000007;SRC-000004,confidence=0.88 | sources=SRC-000001;SRC-000007;SRC-000004 | retrieved=2026-07-10 | version=knowledge-v2.0-batch-004-company | batch=Batch-004 | class=public_company_profile | grounding=public_filings_and_official_sites_only | no_private_crm_claims | dps=v1.0
COMP-080,PT Charoen Pokphand Indonesia Tbk,CPIN,IND-000004,Agriculture,Poultry / Feed,Public Company (Tbk),Jakarta,Indonesia,https://www.cp.co.id,,Enterprise,Public filings,Public filings,Integrated poultry and animal feed company.,"Feed, broiler, related protein products",Agri production systems,Multi-province,Indonesia,C-Level,,,,,"Feed commodity costs, disease risk",Cold chain and farm productivity,"Farm digitalization, cold logistics",,,Medium,2026-07-10,SRC-000001;SRC-000004,confidence=0.90 | sources=SRC-000001;SRC-000004 | retrieved=2026-07-10 | version=knowledge-v2.0-batch-004-company | batch=Batch-004 | class=public_company_profile | grounding=public_filings_and_official_sites_only | no_private_crm_claims | dps=v1.0
COMP-081,PT Japfa Comfeed Indonesia Tbk,Japfa,IND-000004,Agriculture,Animal Protein,Public Company (Tbk),Jakarta,Indonesia,https://www.japfacomfeed.co.id,,Enterprise,Public filings,Public filings,Animal protein and feed company operating in Indonesia.,Feed and protein products,Production systems,Multi-site,Indonesia,C-Level,,,,,Commodity and disease cycles,Biosecurity ops,"Farm systems, cold chain",,,Medium,2026-07-10,SRC-000001;SRC-000004,confidence=0.89 | sources=SRC-000001;SRC-000004 | retrieved=2026-07-10 | version=knowledge-v2.0-batch-004-company | batch=Batch-004 | class=public_company_profile | grounding=public_filings_and_official_sites_only | no_private_crm_claims | dps=v1.0
COMP-082,PT Medco Energi Internasional Tbk,MedcoEnergi,IND-000006,Oil & Gas,Upstream Energy,Public Company (Tbk),Jakarta,Indonesia,https://www.medcoenergi.com,,Enterprise,Public filings,Public filings,Indonesian energy company with oil & gas upstream and power interests.,"Upstream oil & gas, power",Upstream OT/IT systems,Multiple assets,Indonesia + international,C-Level / Board,,,,,"Commodity prices, energy transition",Asset integrity,"Ops digitalization, power portfolio",,,Medium-High,2026-07-10,SRC-000001;SRC-000004,confidence=0.90 | sources=SRC-000001;SRC-000004 | retrieved=2026-07-10 | version=knowledge-v2.0-batch-004-company | batch=Batch-004 | class=public_company_profile | grounding=public_filings_and_official_sites_only | no_private_crm_claims | dps=v1.0
COMP-083,PT AKR Corporindo Tbk,AKR,IND-000010,Transportation & Logistics,Logistics & Trading,Public Company (Tbk),Jakarta,Indonesia,https://www.akr.co.id,,Enterprise,Public filings,Public filings,Logistics and trading company with industrial estate and distribution interests.,"Logistics, industrial estate, trading",Logistics systems,Key logistics nodes,Indonesia,C-Level,,,,,Commodity trading cycles,Network optimization,"Logistics digitalization, industrial park services",,,Medium,2026-07-10,SRC-000001;SRC-000004,confidence=0.88 | sources=SRC-000001;SRC-000004 | retrieved=2026-07-10 | version=knowledge-v2.0-batch-004-company | batch=Batch-004 | class=public_company_profile | grounding=public_filings_and_official_sites_only | no_private_crm_claims | dps=v1.0
COMP-084,PT Blue Bird Tbk,Bluebird,IND-000010,Transportation & Logistics,Land Transport,Public Company (Tbk),Jakarta,Indonesia,https://www.bluebirdgroup.com,,Enterprise,Public filings,Public filings,Land transportation company known for taxi and related mobility services.,Taxi and transport services,Dispatch systems,Major cities,Indonesia,C-Level,,,,,"Ride-hailing competition, EV transition",Fleet utilization,"Dispatch optimization, EV fleet",,,Medium,2026-07-10,SRC-000001;SRC-000004,confidence=0.89 | sources=SRC-000001;SRC-000004 | retrieved=2026-07-10 | version=knowledge-v2.0-batch-004-company | batch=Batch-004 | class=public_company_profile | grounding=public_filings_and_official_sites_only | no_private_crm_claims | dps=v1.0
COMP-085,PT Express Transindo Utama Tbk,Express Group,IND-000010,Transportation & Logistics,Land Transport,Public Company (Tbk),Jakarta,Indonesia,https://www.expressgroup.co.id,,Medium-Enterprise,Public filings,Public filings,Land transport company listed in Indonesia.,Taxi/transport services,Dispatch systems,Urban ops,Indonesia,C-Level,,,,,Intense competition,Utilization,"Digital dispatch, cost control",,,Medium-High,2026-07-10,SRC-000001,confidence=0.85 | sources=SRC-000001 | retrieved=2026-07-10 | version=knowledge-v2.0-batch-004-company | batch=Batch-004 | class=public_company_profile | grounding=public_filings_and_official_sites_only | no_private_crm_claims | dps=v1.0
COMP-086,PT Tempo Scan Pacific Tbk,Tempo Scan,IND-000026,Pharmaceuticals,Pharma & Consumer Health,Public Company (Tbk),Jakarta,Indonesia,https://www.temposcangroup.com,,Enterprise,Public filings,Public filings,Pharmaceutical and consumer health company.,Pharma and consumer products,Manufacturing/distribution systems,Nationwide,Indonesia,C-Level,,,,,"Competition, regulation",Distribution reach,"Quality systems, distribution analytics",,,Medium,2026-07-10,SRC-000001;SRC-000007,confidence=0.88 | sources=SRC-000001;SRC-000007 | retrieved=2026-07-10 | version=knowledge-v2.0-batch-004-company | batch=Batch-004 | class=public_company_profile | grounding=public_filings_and_official_sites_only | no_private_crm_claims | dps=v1.0
