Product ID,Product Name,Product Category,Product Sub Category,Product Type,Product Description,Business Problem Solved,Target Industry,Target Company Size,Target Department,Ideal Customer Profile,Key Features,Key Benefits,Customer Value Proposition,Business Outcome,Implementation Time,Implementation Complexity,Required Resources,Pricing Model,Pricing Range,Estimated Gross Margin,Sales Cycle,Typical Decision Maker,Buying Trigger,Common Objections,Objection Handling,Cross Sell Products,Upsell Products,Related Pain Point IDs,Related Solution IDs,Success Metrics,Product Status,Owner Business Unit,Reference Project,Last Updated,Notes
PROD-001,BPO Omnichannel CX & Voicebot,Outsourcing,Contact Center,Service,Pengelolaan layanan pelanggan 24/7 memadukan agen manusia dan AI,"Antrean komplain pelanggan panjang, CSAT rendah, biaya staf mahal","Telekomunikasi, E-commerce, Finansial",Enterprise,Customer Service,B2C dengan >10.000 interaksi per hari,"AI Routing, Sentiment Analysis, 24/7 Ops","Biaya turun 30%, SLA respons < 1 menit","""Skalabilitas instan tanpa beban rekrutmen""","CSAT naik, operasional efisien",2 Bulan,Medium,"CX Consultant, Agent, QA",Harga per Seat / Per Transaksi,Rp6 Jt - Rp10 Jt / Seat / Bulan,28%,3-6 Bulan,VP Customer Experience,Lonjakan komplain saat rilis produk/promo,Takut agen AI tidak empati,"Tawarkan skema hibrida (Bot untuk FAQ, Manusia untuk kompleks)",PROD-005,Analytics Dashboard,PAIN-089,SOL-001,"CSAT > 90%, AHT turun",Active,BPO Division,Tokopedia CS,2026-07-10,Sangat laris untuk E-commerce
PROD-002,Managed Cloud IaaS (Lokal),IT Services,Cloud Infrastructure,Service,Infrastruktur komputasi virtual terkelola dengan Data Center di Indonesia,"Server on-premise lambat, downtime sering, capex tinggi","Logistik, Finansial, Ritel","Medium, Enterprise",IT Dept,Perusahaan dengan traffic aplikasi fluktuatif,"Auto-scaling, 99.9% Uptime, Data Sovereignty","Bebas perawatan hardware, aman sesuai UU PDP","""Infrastruktur sekelas Enterprise dengan skema Pay-as-you-go""","0 Downtime, fokus pada inovasi software",1 Bulan,High,"Cloud Architect, SysAdmin",Langganan Bulanan (Pay-as-you-go),Rp10 Jt - Rp150 Jt / Bulan,35%,2-4 Bulan,CIO / Head of IT,Akhir masa pakai server fisik (End of Life),Kekhawatiran migrasi gagal,Eksekusi paralel run dan backup penuh sebelum cut-off,PROD-006,DRaaS (Disaster Recovery),PAIN-101,SOL-002,Uptime 99.9%,Active,IT Services,JNE Cloud,2026-07-09,Sesuai regulasi penempatan data lokal
PROD-003,PLTS Atap Korporat (ESCO Model),Energi,Energi Terbarukan,Project & Service,Instalasi panel surya atap dengan skema sewa dan tanpa biaya awal,"Tarif listrik PLN menggerus margin, tuntutan ESG holding","Manufaktur, FMCG, Mall",Enterprise,"Operasional, Fasilitas",Pabrik dengan atap luas yang beroperasi siang hari,"Solar Panel Tier-1, IoT Monitoring, Nol CAPEX","Penurunan biaya utilitas 15%, dekarbonisasi","""Energi hijau yang langsung menghemat uang Anda sejak hari pertama""","Capai target Net Zero, HPP produksi turun",4-6 Bulan,High,"Ahli PLTS, Proj. Manager",Kontrak PPA / Sewa,Diskon 15% dari tarif PLN / kWh,20%,6-12 Bulan,Direktur Operasi,Tekanan dari investor untuk Go Green,Hilangnya skema net-metering mematikan ROI,Integrasikan dengan Battery Storage (BESS),Audit Energi,O&M Maintenance,PAIN-045,SOL-003,kWh dihasilkan sesuai garansi,Active,Green Energy Div,Chandra Asri,2026-07-08,Regulasi Permen ESDM 2/2024 jadi tantangan
PROD-004,BPO Telecollection Terpadu,Outsourcing,Collection,Service,Layanan penagihan utang B2C tersertifikasi OJK menggunakan desk dan field agent,"Angka gagal bayar (NPL) naik, tim internal kurang","Fintech P2P, Multifinance, Bank","Medium, Enterprise",Risk Management,Institusi keuangan dengan portofolio kredit macet besar,"Dialer System otomatis, Agen tersertifikasi AFPI","Recovery rate meningkat, reputasi brand aman","""Maksimalkan pengembalian aset Anda dengan standar kepatuhan tertinggi""","NPL turun, cash flow perusahaan sehat",1 Bulan,Medium,"Collection Manager, Desk Agent",Komisi Persentase (Success Fee),10% - 30% dari dana tertagih,40%,2-3 Bulan,Chief Risk Officer,Lonjakan kredit macet pasca krisis,Takut agen penagih kasar dan viral di medsos,Perekaman seluruh percakapan & audit QA harian,PROD-001,Field Collection,PAIN-033,SOL-004,Recovery Rate > target,Active,BPO Division,Rupiah Cepat,2026-07-07,Sangat dibutuhkan di era daya beli lemah
PROD-005,Payroll Outsourcing & HRIS,Outsourcing,HR & Admin,Service,"Pengambilalihan proses perhitungan gaji, pajak (PPh 21), dan BPJS","Admin HR kewalahan, sering salah hitung pajak & denda BPJS","Ritel, Manufaktur, F&B",Enterprise,Human Resources,Perusahaan >1000 karyawan dengan turnover tinggi,"Software HRIS Cloud, Tax Compliance","Bebas denda pajak, akurasi 100% jaminan","""Serahkan kompleksitas birokrasi, fokus pada budaya kerja""","Kepatuhan hukum terjamin, efisiensi waktu HR 80%",2 Bulan,Medium,"Payroll Specialist, Tax Expert",Harga per Karyawan (Payslip),Rp30 Rb - Rp75 Rb / Karyawan / Bulan,50%,3-6 Bulan,CHRO,Perubahan aturan pajak (TER PPh 21),Migrasi data master historis repot,Tim onboarding dedicated untuk mapping data,PROD-007,Talent Recruitment BPO,PAIN-055,SOL-005,Zero kesalahan transfer & denda,Active,HR Services,Mitra Adiperkasa,2026-07-06,Regulasi UU Cipta Kerja memicu demand
PROD-006,Managed SOC & Cybersecurity,IT Services,Security,Service,"Pusat operasi keamanan yang memantau, mendeteksi, dan merespons ancaman siber 24/7","Rentan serangan ransomware, tidak ada tim sekuriti 24/7","Finansial, Teknologi, Logistik","Medium, Enterprise",IT Security,Entitas pengelola data sensitif (PII),"SIEM Integration, Threat Intelligence, Incident Response",Mencegah kebocoran data miliaran rupiah,"""Tidur nyenyak sementara kami menjaga gerbang digital Anda""","Reputasi aman, operasional tidak terhenti peretas",2 Bulan,High,"Cybersecurity Analyst, Ethical Hacker",Langganan Bulanan,Rp50 Jt - Rp200 Jt / Bulan,45%,3-6 Bulan,CISO,Kasus kebocoran data di industri serupa,Biaya bulanan terlalu mahal,Tunjukkan studi kasus kerugian finansial akibat ransomware,PROD-002,Penetration Testing,PAIN-066,SOL-006,MTTD & MTTR (Mean Time to Detect/Respond) < 1 Jam,Active,IT Services,Bank Raya,2026-07-05,Wajib untuk compliance UU PDP
PROD-007,Facility Management Outsourcing,Outsourcing,General Affairs,Service,"Penyediaan terintegrasi tenaga kebersihan, satpam, resepsionis, dan teknisi gedung","Mutu layanan tidak standar antar cabang, kelola banyak vendor repot","Properti, Ritel, Manufaktur",Enterprise,General Affairs,Memiliki >10 lokasi operasional/pabrik,"Single Point of Contact, SLA Kebersihan, Personil Tersertifikasi","Efisiensi kontrak, manajemen terpusat mudah","""Satu vendor untuk seluruh kebutuhan operasional gedung Anda""","Lingkungan kerja aman, fokus pada bisnis inti",3 Bulan,Medium,"Security Guard, Cleaner, Supervisor",Cost-plus atau Kontrak Tetap (SLA based),Sesuai UMP regional + Management Fee 8-12%,12%,3-6 Bulan,General Affairs Dir,Kontrak vendor eksisting habis/kinerja buruk,Isu penolakan dari warga lokal/preman,Perekrutan 80% warga lokal untuk stabilitas sosial,PROD-005,Driver Outsourcing,PAIN-077,SOL-007,Tingkat komplain fasilitas < 2%,Active,Facility Dept,Indofood,2026-07-04,Margin tipis tapi volume besar
PROD-008,Managed SD-WAN,IT Services,Network,Service,Layanan jaringan Wide Area Network berbasis software yang menghubungkan kantor cabang secara aman,"Koneksi cabang sering putus, routing manual sulit","Logistik, Ritel, Bank",Enterprise,IT Network,Perusahaan dengan >50 cabang di daerah terpencil,"Centralized Dashboard, Multi-Link Bonding, Enkripsi IPSec","Koneksi anti-putus, biaya kuota internet lebih murah","""Jaringan cabang yang cerdas, aman, dan efisien biaya""","Data cabang sinkron real-time, tidak ada loss sales",2 Bulan,High,Network Engineer,Langganan per Titik (Node),Rp2 Jt - Rp5 Jt / Cabang / Bulan,35%,4-8 Bulan,IT Director,Ekspansi buka puluhan cabang baru,Terikat kontrak dengan provider telco lama,"SD-WAN Agnostic, bisa jalan di atas koneksi lama",PROD-002,Managed WiFi Access,PAIN-088,SOL-008,Uptime link cabang >99.5%,Active,IT Services,TIKI,2026-07-03,Solusi vital untuk industri logistik
PROD-009,Solar Hybrid Microgrid,Energi,Energi Terbarukan,Project,Pembangkit listrik tenaga surya hybrid dengan baterai besar (BESS) terpisah dari jaringan PLN,Biaya genset diesel sangat mahal dan logistik solar sulit,"Pertambangan, Perkebunan",Enterprise,Operasional Tambang,Operasional site di pulau terluar/pedalaman,"Heavy-duty Solar PV, Industrial BESS",Penurunan OPEX bahan bakar hingga 60%,"""Kemandirian energi di pedalaman dengan biaya super rendah""",Margin laba operasional site naik drastis,6-9 Bulan,Very High,"EPC Engineer, Ahli Logistik",Turnkey EPC / PPA,Rp100 Miliar+ (Project Based),25%,9-15 Bulan,Direktur Operasi / CEO,Harga minyak mentah/diesel dunia melonjak,Keraguan panel surya cepat rusak karena debu tambang,Penggunaan panel self-cleaning & garansi O&M 10 tahun,PROD-010,Capacity Expansion,PAIN-099,SOL-009,Reduksi konsumsi liter diesel tercapai,Active,Green Energy Div,Adaro,2026-07-02,Logistik baterai ke site jadi tantangan
PROD-010,Dedicated Fleet Logistics,Transportasi,Supply Chain,Service,Penyediaan armada truk didedikasikan lengkap dengan supir dan sistem pelacakan (TMS),"Susah cari truk saat peak season, barang rusak, tak terlacak","Manufaktur, Tambang, Pertanian",Enterprise,Logistik,Distribusi volume besar rutin setiap hari,"TMS Integration, GPS Tracking, Dedicated Driver","Jaminan ketersediaan armada 100%, visibilitas penuh","""Kuasai distribusi logistik Anda tanpa beban aset truk""","On-Time Delivery tercapai, keluhan B2B turun",1 Bulan,Medium,"Fleet Manager, Driver, Dispatcher",Sewa Truk Bulanan,Rp15 Jt - Rp40 Jt / Truk / Bulan,15%,3-6 Bulan,Supply Chain Dir,Sering kena denda dari buyer karena telat kirim,Takut terikat kontrak tahunan jika volume turun,Tawarkan skema hybrid (fixed + pay per trip),PROD-008,Inland Depot Warehousing,PAIN-023,SOL-010,On-Time In-Full (OTIF) > 98%,Active,Logistics Dept,Bayan Resources,2026-07-01,Solusi wajib pasca Zero ODOL 2027
PROD-011,RPA + Intelligent Document Processing (IDP),Automation,Process Automation,Service + Software,"Solusi end-to-end otomatisasi dokumen (klaim asuransi, SPPA, underwriting, invoice) menggunakan AI OCR/NLP + RPA bots terintegrasi dengan core system.","Proses manual dokumen lambat, error tinggi, backlog underwriting/klaim, biaya tenaga kerja tinggi di industri asuransi dan perbankan.","Asuransi, Perbankan, Multifinance","Medium, Enterprise","Underwriting, Claims, Operations",Perusahaan asuransi atau bank dengan volume dokumen >5.000/bulan dan proses manual-heavy.,"AI OCR multi-bahasa & handwritten, NLP extraction, RPA orchestration, Human-in-the-loop review, Dashboard analytics, Integration ke LOS/LMS/Core Insurance","Waktu proses turun 70-80%, akurasi >98%, capacity naik tanpa rekrut tambahan, compliance audit trail lengkap.","Otomatisasi dokumen kompleks dengan AI yang paham konteks Indonesia, ROI dalam 12-18 bulan.","Underwriting time dari 11 hari ke 2 hari, klaim processing lebih cepat, cost per document turun signifikan.",2-4 Bulan (phased per use case),Medium-High,"AI/ML Engineer, RPA Developer, Insurance SME, Integration Specialist",Subscription + Usage-based (per document atau per bot),Rp15 Jt - Rp80 Jt / Bulan + Rp500 - Rp5.000 per dokumen diproses,38%,4-8 Bulan,COO / Chief Underwriter / Head of Operations,"Backlog dokumen meningkat, regulasi OJK minta turnaround lebih cepat, kompetitor sudah otomatisasi.",Akurasi AI untuk dokumen Indonesia/handwritten rendah; integrasi ke legacy core rumit.,PoC 4-6 minggu dengan data real klien + phased rollout + human review untuk kasus kompleks + dedicated integration team.,"PROD-004 (BPO Telecollection), PROD-006 (Managed SOC)","Predictive Fraud Detection, Automated Reinsurance","PAIN-033, PAIN-055","SOL-004, SOL-005","Processing time turun 70%, error rate <1%, ROI <18 bulan",Active,Automation & RPA Division,Similar implementation di asuransi jiwa nasional & bank BUKU IV,2026-07-10,Berdasarkan tren IDP global & demand tinggi di Indonesia untuk claims/underwriting automation. Phased approach recommended.
PROD-012,Customer Data Platform (CDP) & Advanced Analytics,Data & Analytics,Customer Analytics,Software + Service,"Platform terpusat yang mengintegrasikan data customer dari multiple source (core banking, CRM, mobile, transaction) menjadi single customer view real-time dengan AI/ML untuk personalization & prediction.","Data customer tersebar di silo, campaign tidak efektif, churn tinggi, cross-sell rendah, sulit compliance marketing regulation.","Perbankan Retail, E-commerce, Fintech",Enterprise,"Marketing, CRM, Data/Analytics",Bank retail atau platform dengan jutaan customer dan multiple touchpoint digital.,"Real-time Customer 360, Identity Resolution, AI Propensity & Churn Model, Next Best Action Engine, Journey Orchestration, Compliance (UU PDP) module","Campaign response rate naik 4-6x, personalization akurat, data governance & privacy compliance.",Single source of truth untuk customer data dengan AI actionable insight yang langsung improve revenue & retention.,"Cross-sell revenue +15-25%, churn turun 20-30%, marketing ROI naik signifikan.",3-6 Bulan,High,"Data Engineer, Data Scientist, Marketing Technologist, Integration Specialist",Subscription tahunan berdasarkan jumlah profile + event volume,Rp500 Jt - Rp3 Miliar / Tahun (enterprise tier),35%,6-12 Bulan,CMO / Chief Data Officer / VP Marketing,"Kompetitor digital bank punya personalization lebih baik, NPL retail naik, butuh better customer insight.","Biaya mahal, butuh data quality improvement dulu, integrasi kompleks.",Quick win use case (churn prediction atau next best product) dalam 8-12 minggu + data assessment gratis + phased implementation per segment.,"PROD-001 (BPO Omnichannel), PROD-006 (SOC untuk data protection)","Real-time Fraud Prevention, Wealth Management AI Advisory",PAIN-089,SOL-001,"Single Customer View tercapai, campaign uplift >300%, compliance score 100%",Active,Data & Analytics Division,Implementasi serupa di bank retail top Indonesia (contoh Meiro/Tealium-like deployments),2026-07-10,Real demand tinggi di perbankan Indonesia untuk CDP. Pricing disesuaikan enterprise Indonesia market.
PROD-013,EV Fleet Conversion & Charging Infrastructure,Mobility & Energy,Electric Vehicle Solutions,Project + Service,"End-to-end solusi konversi armada ke EV (motor/van/truk) termasuk supply vehicle, instalasi charging station (AC/DC fast), fleet management software, dan O&M charging infrastructure.","Biaya BBM & maintenance armada diesel/bensin tinggi, target ESG/net-zero dari holding, regulasi emisi kota semakin ketat.","Logistik Kurir, 3PL, Manufaktur, Pertambangan",Enterprise,Fleet / Supply Chain / Sustainability,Perusahaan dengan armada >200 unit yang beroperasi di area urban atau site tetap.,"EV vehicle sourcing (partner VinFast/BYD dll), Charging station EPC (AC/DC), Smart Charging Management System, Route Optimization EV, Battery monitoring, Carbon reporting","TCO per km turun 15-25% dalam 5 tahun, emisi Scope 1 turun drastis, brand image hijau.","Transisi ke EV yang seamless dengan model financing & infrastructure as a service, tanpa beban CAPEX penuh.","Biaya operasional armada turun, compliance ESG tercapai, operational reliability naik.",4-9 Bulan (pilot + scale),High,"EV Specialist, Electrical Engineer, Fleet Consultant, Project Manager",Hybrid: Vehicle lease + Charging as a Service (per kWh atau fixed monthly) + Software subscription,Rp500 Jt - Rp5 Miliar+ per proyek (tergantung skala armada & charging),18-25%,6-12 Bulan,COO / Supply Chain Director / Sustainability Head,"Target net-zero holding, kenaikan harga BBM, regulasi daerah larang kendaraan fosil.","Range anxiety & charging time, ketersediaan EV commercial terbatas, grid capacity PLN.",Pilot 20-50 unit dulu + feasibility study termasuk grid assessment + partnership dengan PLN/VinFast + battery swapping option untuk rute panjang.,"PROD-003 (PLTS untuk charging), PROD-010 (Dedicated Fleet)","Battery as a Service (BaaS), Second-life battery storage",PAIN-023,SOL-010,"TCO reduction tercapai, uptime charging >99%, Scope 1 emission turun sesuai target",Active,Green Mobility Division,Proyek serupa di kurir express & 3PL Indonesia yang sedang transisi EV (target ribuan charger nasional),2026-07-10,Didorong oleh roadmap EV Indonesia (target puluhan ribu charger). Biaya charging station real IDR 500jt - 2M per unit.
PROD-014,Smart Building BMS & IoT Energy Management,Facility & Building Tech,Building Management System,Software + Hardware + Service,"Modernisasi Building Management System ke platform open protocol + IoT sensor deployment untuk monitoring real-time HVAC, lighting, energy, IAQ, predictive maintenance, dan tenant experience app.","Energy consumption tinggi & tidak terukur per tenant, complaint suhu/IAQ sering, maintenance reaktif mahal, sulit capai green building certification.","Properti Komersial, Mall, Kawasan Industri, Hotel",Enterprise,"Property Management, Engineering, Sustainability",Gedung perkantoran/mall >20.000 m2 dengan BMS legacy atau manual control.,"Open Protocol BMS (Niagara/Siemens-like), IoT Sensor (temp, humidity, CO2, occupancy), Energy Analytics Dashboard, Predictive Maintenance AI, Tenant Mobile App, ESG Reporting","Energy cost turun 15-25%, predictive maintenance kurangi breakdown 40%, tenant satisfaction naik, path ke EDGE/GRESB certification.","Bangunan cerdas yang hemat energi, nyaman penghuni, dan mudah dikelola dengan data real-time.","OPEX facility turun, nilai aset properti naik, compliance sustainability tercapai.",3-6 Bulan (phased floor by floor),Medium-High,"BMS Engineer, IoT Specialist, Energy Consultant, Integration Expert",Project-based EPC + SaaS subscription untuk platform + O&M,Rp800 Jt - Rp8 Miliar per gedung (tergantung ukuran & scope),22%,4-8 Bulan,Property Director / Building Manager / CFO,"Kontrak BMS existing habis, target green certification, tenant complain tinggi, kenaikan biaya listrik.","Disrupsi operasional selama upgrade, biaya awal tinggi.",Phased implementation (non-disruptive) + quick win energy saving di area prioritas + financing/ESCO model + ROI calculator dengan baseline measurement.,"PROD-007 (Facility Management), PROD-003 (PLTS atap untuk gedung)","Indoor Air Quality Monitoring & Alert System, Space Utilization Analytics",PAIN-077,SOL-007,"Energy intensity turun ke target, complaint MEP <2%, predictive maintenance adoption >80%",Active,Smart Building Division,"Upgrade BMS di gedung Grade A Jakarta & Surabaya (provider seperti Schneider, Siemens, local integrator)",2026-07-10,Real demand dari properti komersial yang ingin capai sustainability target. Open protocol penting untuk avoid vendor lock-in.
PROD-015,Corporate LMS & Talent Management Platform,HR Tech,Learning & Development,SaaS + Service,"Platform Learning Experience (LXP) modern + Talent Management Suite (performance, succession, competency) dengan content lokal, compliance module, dan analytics untuk pengembangan SDM skala besar.","Training manual & tidak terukur efektivitasnya, succession planning lemah, knowledge loss saat pensiun massal, reporting ke regulator (BUMN/Kemenaker) lambat.","BUMN, Konglomerat, Manufaktur, Ritel",Enterprise (>5.000 karyawan),Human Capital / Diklat / HRD,Perusahaan dengan program pengembangan SDM strategis dan kebutuhan compliance training tinggi.,"Modern LXP (mobile-first, micro-learning, video), Competency Framework, Performance & OKR, Succession Planning AI, Content authoring lokal, Compliance tracking (UU Cipta Kerja, sertifikasi), People Analytics","Training effectiveness naik, time-to-competency turun, visibility talent pipeline, reporting otomatis ke stakeholder.","Corporate University digital yang scalable, engaging, dan aligned dengan strategi bisnis serta regulasi.","Employee engagement & retention naik, leadership pipeline kuat, compliance 100%.",3-5 Bulan,Medium,"L&D Consultant, Content Developer, Platform Specialist, Change Management Expert",SaaS per user + Implementation & Content Development fee,Rp150 Rb - Rp500 Rb / Karyawan / Tahun + project fee Rp500 Jt - Rp5 Miliar,32%,4-8 Bulan,CHRO / Direktur Human Capital,"Arahan Kementerian BUMN untuk digitalisasi SDM, program transformasi culture, pensiun massal mendekat.",Content development mahal & lama; karyawan tidak mau pakai platform baru.,Library content siap pakai + co-creation workshop + change management & gamification + super user internal + mobile-first experience.,"PROD-005 (Payroll & HRIS), PROD-007 (Facility untuk training center)","Executive Assessment & Coaching Platform, Leadership Development Center Digital",PAIN-055,SOL-005,"Training completion rate >90%, competency gap closure, succession readiness naik",Active,HR Tech & Talent Division,Implementasi Corporate University digital di BUMN & grup perusahaan besar Indonesia,2026-07-10,Demand tinggi dari BUMN & korporasi yang sedang transformasi digital SDM. Content lokal & compliance module critical.
PROD-016,Zero Trust Architecture Implementation & ZTNA,Cybersecurity,Identity & Access,Service + Software,"Implementasi arsitektur Zero Trust end-to-end termasuk ZTNA (Zero Trust Network Access), Identity Governance, Micro-segmentation, Continuous Verification, dan integrasi dengan existing security stack.","Perimeter security tidak cukup di era hybrid/cloud, risiko insider threat & breach tinggi, compliance UU PDP & regulasi sektor (OJK, Kesehatan) ketat.","Perbankan, Kesehatan, Teknologi, Logistik, Pemerintahan","Medium, Enterprise",IT Security / CISO Office,Organisasi dengan hybrid/multi-cloud environment dan mengelola data sensitif/PII dalam jumlah besar.,"ZTNA (replaces VPN), Continuous Authentication & Authorization, Micro-segmentation, Least Privilege Access, Real-time Risk Scoring, Policy as Code, Integration SIEM/EDR","Reduce attack surface drastis, prevent lateral movement, compliance posture naik signifikan, visibility akses end-to-end.","Keamanan 'never trust, always verify' yang modern, scalable, dan sesuai regulasi Indonesia.","Risiko breach turun drastis, MTTD/MTTR cepat, audit finding compliance berkurang.",3-6 Bulan (assessment + pilot + rollout),High,"Zero Trust Architect, Security Engineer, Identity Specialist, Change Management",Project Implementation + Subscription per user/device atau per protected resource,Rp300 Jt - Rp4 Miliar (implementation) + Rp20 Jt - Rp150 Jt / Bulan recurring,40%,5-9 Bulan,CISO / CIO / Head of IT Security,"Kasus ransomware di industri serupa, audit eksternal temukan gap, persiapan compliance UU PDP full enforcement.",Kompleks & mahal; user experience akan terganggu (friction).,Phased rollout mulai dari high-risk apps + shadow mode + user training & change management + measurable quick wins (reduce VPN dependency).,"PROD-006 (Managed SOC), PROD-002 (Cloud IaaS dengan security)","Advanced Threat Protection, Data Loss Prevention (DLP)",PAIN-066,SOL-006,"Zero Trust maturity score naik, breach attempts blocked, compliance audit pass",Active,Cybersecurity Division,Zero Trust deployment di bank & healthcare provider Indonesia,2026-07-10,Tren kuat pasca UU PDP. Fokus pada identity-centric security. Real demand dari CISO yang aware ransomware & data breach cases.
PROD-017,Predictive Maintenance IoT Platform,Industrial IoT,Asset Management,Software + Hardware + Service,"Platform IoT + AI untuk monitoring kondisi aset (mesin, conveyor, genset, pompa) secara real-time dengan sensor vibration, temperature, oil analysis + predictive analytics untuk maintenance before failure.","Maintenance reaktif menyebabkan unplanned downtime mahal, biaya suku cadang & tenaga tinggi, safety issue di site tambang & pabrik.","Pertambangan, Perkebunan, Manufaktur, Energi",Enterprise,Maintenance / Engineering / Operations,Operasional dengan aset critical bernilai tinggi dan downtime berdampak besar ke produksi.,"Wireless IoT Sensor (vibration, temp, pressure), Edge Computing, AI Anomaly Detection & Remaining Useful Life (RUL) prediction, Work Order Integration ke CMMS, Mobile App untuk technician","Unplanned downtime turun 30-50%, maintenance cost turun 20-25%, safety improvement, extended asset life.",Dari reactive ke predictive maintenance dengan insight actionable yang langsung hemat biaya operasional.,"OEE (Overall Equipment Effectiveness) naik, cost per ton produksi turun, reliability operasional meningkat.",3-6 Bulan (pilot di aset critical dulu),High,"IoT Engineer, Data Scientist (predictive model), Maintenance SME, Integration Specialist",Hardware + SaaS subscription per asset + Implementation & model training fee,Rp50 Jt - Rp500 Jt per aset/tahun + project fee,28%,5-10 Bulan,Plant Director / Head of Maintenance / COO,"Unplanned downtime sering & mahal, safety incident, target reliability tinggi dari management.",Sensor & connectivity di remote site sulit; model AI butuh data historis banyak.,Pilot di 10-20 aset critical + hybrid connectivity (LoRa/4G/satellite) + transfer learning dari model existing + phased expansion.,"PROD-009 (Solar Hybrid untuk site), PROD-010 (Fleet Management)","Digital Twin Simulation, Autonomous Maintenance Recommendation",PAIN-099,SOL-009,"Unplanned downtime reduction >30%, maintenance cost saving, prediction accuracy >85%",Active,Industrial IoT Division,Predictive maintenance deployment di tambang & pabrik CPO Indonesia,2026-07-10,Real use case kuat di mining & plantation Indonesia. ROI cepat karena downtime cost sangat tinggi.
PROD-018,Digital Debt Collection Self-Service Platform,Fintech & Risk,Collection Technology,SaaS + Service,"Platform digital collection omnichannel (WhatsApp Business API resmi, self-service portal, AI Voicebot, SMS/Email) dengan treatment strategy AI, payment gateway, dan full compliance recording & audit untuk OJK/AFPI.","Recovery rate rendah, cost collection tinggi (field visit & call center), compliance risk (etika penagihan OJK), nasabah unreachable via traditional channel.","Multifinance, Fintech P2P, Bank Retail, Leasing","Medium, Enterprise",Collection / Risk / Operations,Lembaga keuangan dengan portofolio NPL bucket 1-3 yang signifikan dan butuh efisiensi collection.,"Omnichannel Digital (WA, App, Voicebot), AI Treatment Strategy & Scoring, Self-Service Payment & Restructuring, Full Call Recording & QA, OJK/AFPI Compliance Module, Analytics Dashboard","Recovery rate naik 10-15 poin, cost per successful collection turun 30-40%, compliance 100%, better debtor experience.","Collection modern yang efektif, patuh regulasi, dan ramah nasabah dengan self-service option.","NPL turun, cash flow sehat, reputasi collection lebih baik, skalabilitas tanpa tambah headcount besar.",2-4 Bulan,Medium,"Collection Consultant, AI Specialist, Integration ke LOS/LMS, Compliance Officer",SaaS subscription + Success fee atau per active account,Rp10 Jt - Rp60 Jt / Bulan + 5-15% success fee atau per account fee,42%,3-6 Bulan,Chief Risk Officer / Head of Collection,"NPL naik signifikan, OJK perketat aturan collection, cost collection internal tinggi.",Nasabah tidak mau pakai digital channel; integrasi ke core system rumit.,Hybrid model (digital first + agent assist) + A/B testing treatment + easy integration API + full audit trail untuk regulator.,"PROD-004 (BPO Telecollection), PROD-011 (RPA untuk dokumen collection)","Early Warning System & Behavioral Scoring, Restructuring Workflow Automation",PAIN-033,SOL-004,"Recovery rate improvement, cost per collection turun, compliance score 100%",Active,Fintech Risk & Collection Division,Digital collection platform di multifinance & P2P lending Indonesia,2026-07-10,Sangat relevan dengan kondisi makro & regulasi OJK collection. Self-service + AI sangat efektif.
PROD-019,Warehouse Management System (WMS) SaaS + AMR Integration,Supply Chain Tech,Warehouse Automation,Software + Robotics as a Service,"WMS cloud modern + integrasi Autonomous Mobile Robots (AMR) untuk picking, putaway, dan inventory management real-time dengan dashboard visibility end-to-end.","Fulfillment lambat & error tinggi, throughput rendah saat peak, kekurangan tenaga kerja gudang skilled, visibility inventory buruk.","E-commerce 3PL, Ritel, Manufaktur, Logistik","Medium, Enterprise",Warehouse / Operations / Supply Chain,Gudang dengan volume tinggi (>10.000 order/hari) atau multi-client 3PL yang butuh skalabilitas.,"WMS Cloud (real-time inventory, wave planning, slotting), AMR Fleet Management, Voice Picking Integration, Barcode/RFID, Integration ke Marketplace/TMS/ERP, Analytics & KPI Dashboard","Fulfillment time turun 50-70%, picking accuracy >99.5%, throughput naik 2-3x, labor dependency turun.","Warehouse modern yang scalable, akurat, dan efisien dengan model RaaS (tanpa CAPEX robot besar).","OTIF (On-Time In-Full) >98%, cost per order turun, customer satisfaction naik.","3-6 Bulan (WMS dulu, AMR phased)",High,"WMS Consultant, Robotics Engineer, Integration Specialist, Warehouse SME",SaaS WMS per user/pallet + RaaS AMR (per robot/bulan) + Implementation,Rp20 Jt - Rp150 Jt / Bulan (WMS) + Rp5 Jt - Rp15 Jt / robot / Bulan,25%,5-9 Bulan,COO / VP Supply Chain / Warehouse Manager,"Ekspansi volume e-commerce, SLA buyer ketat, labor shortage, kompetitor sudah otomatisasi.",Biaya robot mahal; integrasi dengan existing system sulit.,RaaS model (no heavy upfront) + PoC di 1 gudang + standard API integration + training & change management.,"PROD-010 (Dedicated Fleet), PROD-001 (BPO untuk returns processing)","Predictive Inventory & Demand Forecasting, Value Added Services Automation",PAIN-023,SOL-010,"Picking accuracy >99.5%, order cycle time reduction, labor productivity naik",Active,Supply Chain Automation Division,WMS + AMR implementation di 3PL & e-commerce fulfillment center Indonesia,2026-07-10,Tren warehouse automation naik tajam di Indonesia. RaaS model membuat accessible untuk mid-market.
PROD-020,Multi-Cloud FinOps & Governance Platform,Cloud Management,FinOps & Cost Optimization,Software + Service,"Platform FinOps terpusat untuk visibility, allocation, optimization, dan governance biaya multi-cloud (AWS, Azure, GCP, Alibaba) dengan policy as code, anomaly detection, dan chargeback/showback.","Cloud spend overrun & tidak terkontrol, shadow IT, tag tidak konsisten, tidak ada visibility per business unit, audit finding biaya cloud.","Konglomerat, Perbankan, Teknologi, E-commerce",Enterprise,IT Finance / Cloud COE / CFO Office,Organisasi dengan multi-cloud spend >Rp10 Miliar/bulan dan butuh kontrol serta accountability.,"Unified Cost Dashboard, Anomaly Detection & Alert, Rightsizing & Reserved Instance Recommendation, Policy as Code (FinOps), Chargeback/Showback, Carbon Footprint Tracking, Integration ke existing CMDB/ITSM","Cloud cost turun 15-30% dalam 6 bulan pertama, visibility 100%, accountability per BU, compliance & audit ready.",Kontrol penuh atas cloud spend dengan insight actionable dan governance yang kuat tanpa menghambat agility tim engineering.,"Cloud OPEX terkendali, budget forecasting akurat, waste elimination, better decision making.",2-4 Bulan,Medium,"FinOps Consultant, Cloud Architect, Data Analyst, Change Management",SaaS subscription berdasarkan cloud spend volume + Implementation & optimization service,Rp50 Jt - Rp300 Jt / Bulan + success-based optimization fee,35%,4-7 Bulan,CFO / Group CIO / Head of Cloud / IT Finance,"Cloud bill melonjak tidak terduga, audit internal/eksternal temukan waste, board minta cost control.",Butuh perubahan culture & process; data tag existing buruk.,Quick win rightsizing & reserved instance + tag governance program parallel + executive dashboard untuk BOD + training FinOps certification.,"PROD-002 (Managed Cloud IaaS), PROD-006 (SOC untuk cloud security)","Cloud Workload Optimization, Sustainability (Carbon) Reporting",PAIN-101,SOL-002,"Cloud spend reduction >15%, waste elimination, FinOps maturity score naik",Active,Cloud Services Division,FinOps implementation di konglomerat & bank dengan multi-cloud footprint,2026-07-10,Real pain point besar di enterprise Indonesia yang sudah migrasi cloud. FinOps adalah best practice global yang sedang naik.
PROD-021,Managed Network Operations Center (NOC) Service,IT Services,Network Operations,Service,"24/7 managed monitoring and incident handling for enterprise WAN/LAN and ISP links, with tiered escalation and monthly SLA reporting.",Network incidents detected late; internal NOC capacity insufficient for multi-site operations.,"Telecommunications, Banking, Retail Trade, Logistics","Medium, Enterprise",IT Network / Infrastructure,Multi-branch enterprises with >20 sites and critical always-on connectivity.,"24/7 monitoring, ticket escalation, SLA dashboards, multi-vendor device support","Faster MTTD/MTTR, predictable opex, reduced unplanned downtime",Always-on network supervision without building a full internal NOC.,Link availability and incident response meet contractual SLA,1-2 Months,Medium,"NOC analysts, network engineers, tooling",Monthly subscription per site / device tier,Rp15 Jt - Rp120 Jt / month,30%,2-4 Months,IT Director / Head of Infrastructure,Multi-site expansion or repeated SLA breaches,Fear of losing control of network knowledge,"Shared runbooks, transparent dashboards, exit/knowledge transfer clause",,,,,"Uptime %, MTTD, MTTR, ticket backlog",Active,IT Managed Services,Sector-pattern service class (no private client claim); see Notes sources,2026-07-10,confidence=0.90 | sources=SRC-000004;SRC-000005;SRC-000001 | retrieved=2026-07-10; version=knowledge-v2.0-batch-002-service; batch=Batch-002 | published_ref=2024-01-01 | class=B2B_service_catalog | grounding=trusted_public_sector_knowledge_categories_not_private_client_claim | dps=v1.0
PROD-022,Application Managed Services (AMS),IT Services,Application Support,Service,"Lifecycle support for enterprise applications including L1-L3 support, release coordination, and performance monitoring under defined SLAs.",Core apps unstable after go-live; internal team overloaded with tickets.,"Banking, Insurance, Manufacturing, E-commerce","Medium, Enterprise",IT Application / Digital,Organizations running mission-critical ERP/core systems with continuous change volume.,"Tiered support, change management, performance baselining, vendor liaison","Stable production ops, clear SLAs, capacity without permanent headcount spikes",Keep business systems healthy after implementation projects end.,P1/P2 incidents resolved within SLA; release quality improves,1-3 Months,Medium-High,"App support engineers, SMEs, release managers",Monthly managed service + optional T&M change packs,Rp40 Jt - Rp300 Jt / month,32%,3-6 Months,CIO / Head of Applications,Warranty end after SI project or audit findings on support gaps,Vendor lock-in and knowledge drain,Joint governance board + documented knowledge base + quarterly transition drills,,,,,"SLA attainment, reopen rate, change failure rate",Active,Application Services,Sector-pattern service class (no private client claim); see Notes sources,2026-07-10,confidence=0.89 | sources=SRC-000004;SRC-000005;SRC-000009 | retrieved=2026-07-10; version=knowledge-v2.0-batch-002-service; batch=Batch-002 | published_ref=2023-06-01 | class=B2B_service_catalog | grounding=trusted_public_sector_knowledge_categories_not_private_client_claim | dps=v1.0
PROD-023,Cloud Migration & Landing Zone Service,IT Services,Cloud Transformation,Service,"Assessment, landing-zone design, workload migration, and hypercare for public/private cloud moves aligned to security and data-residency requirements.",Legacy on-prem capacity constraints; ad-hoc cloud usage without governance.,"Banking, Fintech, Software & SaaS, Government-related enterprises","Medium, Enterprise",Cloud COE / IT Architecture,Enterprises with multi-workload estates and compliance constraints (data localization).,"Readiness assessment, landing zone, phased migration, hypercare, cost baseline","Controlled migration, reduced cutover risk, baseline FinOps visibility","Move to cloud with governance and residency controls, not a lift-and-hope.",Workloads migrated with documented rollback and cost model,3-9 Months,High,"Cloud architects, security, migration engineers",Project + optional managed cloud ops,Rp500 Jt - Rp8 Miliar project,28%,4-9 Months,CIO / Cloud Lead,Hardware EOL or board digital program,Migration risk and hidden cloud cost,Pilot wave + dual-run window + FinOps baseline in SOW,,,,,"Workloads migrated, downtime during cutover, post-migrate cost variance",Active,Cloud Services,Sector-pattern service class (no private client claim); see Notes sources,2026-07-10,confidence=0.91 | sources=SRC-000004;SRC-000005;SRC-000010 | retrieved=2026-07-10; version=knowledge-v2.0-batch-002-service; batch=Batch-002 | published_ref=2023-01-01 | class=B2B_service_catalog | grounding=trusted_public_sector_knowledge_categories_not_private_client_claim | dps=v1.0
PROD-024,Colocation & Remote Hands Data Center Service,IT Services,Data Center Operations,Service,Rack colocation with power/cooling SLAs and remote-hands operational support for enterprise IT and content platforms.,"On-prem data rooms cannot meet uptime, power density, or connectivity needs.","Data Centers & Cloud Infrastructure, Telecommunications, Banking, E-commerce","Medium, Enterprise",IT Infrastructure,Workloads needing carrier density and facility-class availability in Indonesia.,"Tiered power, cross-connects, remote hands, environmental monitoring",Higher facility reliability without building private DC,Enterprise-grade facility services with operational support.,Facility availability and power SLA met,2-8 Weeks,Medium,"DC ops, facilities engineers",Monthly rack/power + remote hands packs,Rp8 Jt - Rp80 Jt / rack / month,25%,2-5 Months,Head of Infrastructure / CIO,Capacity or certification gap in existing room,Data leaving premises concerns,Local DC options + access control + audit trails,,,,,"Power availability, ticket response time, PUE where reported",Active,Data Center Services,Sector-pattern service class (no private client claim); see Notes sources,2026-07-10,confidence=0.90 | sources=SRC-000004;SRC-000006;SRC-000001 | retrieved=2026-07-10; version=knowledge-v2.0-batch-002-service; batch=Batch-002 | published_ref=2022-01-01 | class=B2B_service_catalog | grounding=trusted_public_sector_knowledge_categories_not_private_client_claim | dps=v1.0
PROD-025,Managed Endpoint & Device Lifecycle Service,IT Services,End User Computing,Service,"Device procurement support, imaging, MDM enrollment, patching, and refresh lifecycle for enterprise endpoints.","Endpoint sprawl, inconsistent patching, and high break-fix cost across sites.","Banking, Retail Trade, Manufacturing, Professional Services","Medium, Enterprise",IT Service Desk / EUC,Organizations with >500 managed endpoints and hybrid work models.,"MDM, patch baselines, asset inventory, refresh planning",Lower risk from unpatched devices; predictable refresh opex,Standardized endpoint operations as a managed service.,Patch compliance and device inventory accuracy improve,1-3 Months,Medium,"EUC engineers, service desk",Per device / month,Rp50 Rb - Rp250 Rb / device / month,35%,2-4 Months,IT Operations Manager,Audit finding on patching or major OS migration,Perceived higher cost vs internal staff,TCO comparison including overtime and breach risk,,,,,"Patch compliance %, MTTR endpoint, inventory accuracy",Active,EUC Services,Sector-pattern service class (no private client claim); see Notes sources,2026-07-10,confidence=0.88 | sources=SRC-000005;SRC-000004;SRC-000011 | retrieved=2026-07-10; version=knowledge-v2.0-batch-002-service; batch=Batch-002 | published_ref=2023-01-01 | class=B2B_service_catalog | grounding=trusted_public_sector_knowledge_categories_not_private_client_claim | dps=v1.0
PROD-026,Identity Governance Administration Service,Cybersecurity,Identity Services,Service,"Managed joiner-mover-leaver processes, access reviews, and privileged access hygiene for enterprise identity estates.",Orphan accounts and delayed deprovisioning create access risk.,"Banking, Insurance, Healthcare Services, Telecommunications",Enterprise,IAM / IT Security,Regulated industries with frequent workforce change and audit cycles.,"Access certification campaigns, SoD checks, privileged account inventory",Fewer orphan accounts; faster audit evidence collection,Keep access rights aligned to roles without permanent specialist headcount.,Certification completion rate and deprovision SLA improve,2-4 Months,High,"IAM analysts, security engineers",Monthly managed service + project remediation,Rp60 Jt - Rp250 Jt / month,38%,4-7 Months,CISO / Head of IAM,External audit finding or PDP compliance program,Integration difficulty with legacy directories,Phased connectors + manual bridge processes for long-tail apps,,,,,"Orphan account rate, deprovision time, certification completion",Active,Security Services,Sector-pattern service class (no private client claim); see Notes sources,2026-07-10,confidence=0.90 | sources=SRC-000010;SRC-000004;SRC-000005 | retrieved=2026-07-10; version=knowledge-v2.0-batch-002-service; batch=Batch-002 | published_ref=2022-06-01 | class=B2B_service_catalog | grounding=trusted_public_sector_knowledge_categories_not_private_client_claim | dps=v1.0
PROD-027,Vulnerability Assessment as a Service,Cybersecurity,Security Testing,Service,Recurring external/internal vulnerability scanning with prioritized remediation guidance and executive reporting.,Security debt accumulates between annual pen-tests.,"Banking, Fintech, E-commerce, Software & SaaS","Medium, Enterprise",IT Security,Digital-facing organizations needing continuous findings management.,"Scheduled scans, risk scoring, remediation tracking, retest",Earlier discovery of exposures; measurable closure rates,"Continuous visibility into known vulnerabilities, not one-off PDF reports.",Critical/high findings trend down quarter over quarter,2-6 Weeks,Medium,"Security analysts, scanning tooling",Subscription per asset tier,Rp20 Jt - Rp150 Jt / month,40%,1-3 Months,CISO / Security Manager,Regulator expectation or customer security questionnaire,Noise and false positives,Asset scoping + risk-based prioritization + validation sample,,,,,"Open critical findings, mean time to remediate",Active,Security Services,Sector-pattern service class (no private client claim); see Notes sources,2026-07-10,confidence=0.91 | sources=SRC-000010;SRC-000004;SRC-000005 | retrieved=2026-07-10; version=knowledge-v2.0-batch-002-service; batch=Batch-002 | published_ref=2021-01-01 | class=B2B_service_catalog | grounding=trusted_public_sector_knowledge_categories_not_private_client_claim | dps=v1.0
PROD-028,Business Continuity & Disaster Recovery Drill Service,IT Services,Resilience,Service,"BC/DR plan review, tabletop and technical failover drills, and post-exercise improvement actions for critical systems.",DR documents exist but untested; recovery times unknown.,"Banking, Insurance, Payments, Telecommunications",Enterprise,IT Risk / Operations,Entities with regulated continuity obligations or multi-site critical ops.,"BIA support, drill design, failover exercise, after-action report",Evidence of recoverability; reduced operational surprise,"Prove resilience with exercises, not paper plans alone.",Measured RTO/RPO gap list with owners,1-3 Months per cycle,Medium-High,"Resilience consultants, system owners",Project per drill cycle,Rp150 Jt - Rp1.5 Miliar / cycle,30%,2-5 Months,CIO / Head of Operational Risk,Regulator review or major incident at peer organization,Production risk during drills,Tabletop first + controlled technical windows + rollback criteria,,,,,"Achieved RTO vs target, issues closed after drill",Active,Resilience Services,Sector-pattern service class (no private client claim); see Notes sources,2026-07-10,confidence=0.90 | sources=SRC-000010;SRC-000004;SRC-000006 | retrieved=2026-07-10; version=knowledge-v2.0-batch-002-service; batch=Batch-002 | published_ref=2022-01-01 | class=B2B_service_catalog | grounding=trusted_public_sector_knowledge_categories_not_private_client_claim | dps=v1.0
PROD-029,Third-Party Logistics (3PL) Contract Logistics Service,Logistics,Warehousing & Distribution,Service,"Outsourced warehousing, inventory handling, and distribution execution under SLAs for manufacturers and retailers.",In-house warehouse capacity and labor cannot scale with demand peaks.,"Manufacturing, Retail Trade, E-commerce, FMCG","Medium, Enterprise",Supply Chain / Logistics,Shippers needing multi-city distribution without owning full warehouse networks.,"Inbound/outbound ops, inventory accuracy controls, SLA OTIF reporting","Variable capacity, broader footprint, operational focus for shipper",Scale distribution through professional logistics operations.,OTIF and inventory accuracy within contracted bands,1-3 Months,Medium,"Warehouse ops, transport planners",Storage + handling + transport activity rates,"Activity-based (Rp/m3, Rp/order, Rp/trip)",12-18%,3-6 Months,Supply Chain Director,Peak season failures or network expansion,Loss of operational control,Joint KPI board + system visibility + audit rights,,,,,"OTIF, inventory accuracy, damage rate",Active,Logistics Services,Sector-pattern service class (no private client claim); see Notes sources,2026-07-10,confidence=0.92 | sources=SRC-000001;SRC-000004;SRC-000006 | retrieved=2026-07-10; version=knowledge-v2.0-batch-002-service; batch=Batch-002 | published_ref=2020-01-01 | class=B2B_service_catalog | grounding=trusted_public_sector_knowledge_categories_not_private_client_claim | dps=v1.0
PROD-030,Cold Chain Logistics Service,Logistics,Temperature-Controlled,Service,Temperature-controlled storage and transport for perishable goods with chain-of-custody temperature logging.,Product spoilage and compliance risk in ambient logistics for cold goods.,"Food & Beverage Processing, Pharmaceuticals, Fisheries & Aquaculture, Agriculture","Medium, Enterprise",Logistics / Quality,Producers and distributors of temperature-sensitive products.,"Reefer fleet/partner network, temp logging, excursion alerts","Lower spoilage, audit-ready temperature records",Protect product integrity from origin to destination.,Temperature excursion rate within SLA,1-2 Months,Medium-High,"Cold chain ops, quality coordinators",Storage day rates + temperature-controlled trips,Premium vs ambient (lane-dependent),15-22%,3-6 Months,Supply Chain / Quality Director,Quality incident or new regulated product line,Cost premium,Spoilage cost comparison + lane design optimization,,,,,"Excursion rate, spoilage %, on-time cold delivery",Active,Logistics Services,Sector-pattern service class (no private client claim); see Notes sources,2026-07-10,confidence=0.90 | sources=SRC-000001;SRC-000004;SRC-000007 | retrieved=2026-07-10; version=knowledge-v2.0-batch-002-service; batch=Batch-002 | published_ref=2021-01-01 | class=B2B_service_catalog | grounding=trusted_public_sector_knowledge_categories_not_private_client_claim | dps=v1.0
PROD-031,Customs Clearance & Trade Compliance Service,Logistics,Trade Facilitation,Service,"Import/export documentation, customs brokerage coordination, and compliance checks for cross-border goods movement.",Clearance delays and documentation errors increase demurrage and stockouts.,"Wholesale Trade, Manufacturing, Retail Trade, Automotive","Medium, Enterprise",Import/Export / Logistics,Importers/exporters with recurring HS-coded shipments.,"Document prep, broker coordination, status tracking, exception handling",Faster clearance cycles; fewer documentary rejections,Professional trade compliance operations for recurring import/export flows.,Clearance cycle time and rejection rate improve,2-6 Weeks,Medium,"Trade compliance specialists, brokers",Per shipment + advisory retainers,Per declaration + monthly retainer options,25%,1-3 Months,Logistics / Import Manager,Demurrage spikes or new product HS complexity,Prefer sole internal team,Hybrid model: internal policy + external execution capacity,,,,,"Clearance lead time, document reject rate, demurrage events",Active,Trade Services,Sector-pattern service class (no private client claim); see Notes sources,2026-07-10,confidence=0.89 | sources=SRC-000001;SRC-000008;SRC-000014 | retrieved=2026-07-10; version=knowledge-v2.0-batch-002-service; batch=Batch-002 | published_ref=2020-01-01 | class=B2B_service_catalog | grounding=trusted_public_sector_knowledge_categories_not_private_client_claim | dps=v1.0
PROD-032,Last-Mile Delivery Orchestration Service,Logistics,Last Mile,Service,"Multi-courier orchestration, exception management, and delivery SLA monitoring for e-commerce and retail fulfillment.",Single-courier dependency and poor exception handling hurt customer experience.,"E-commerce, Retail Trade, Food & Beverage Processing","Medium, Enterprise",Fulfillment / CX Ops,Shippers with high parcel volume and multi-city destinations.,"Courier allocation rules, tracking consolidation, failed-delivery workflows",Higher first-attempt success; diversified courier risk,Orchestrate last-mile partners as one managed service layer.,Delivery success rate and complaint rate improve,1-3 Months,Medium,"Ops controllers, integration specialists",Platform fee + per-shipment ops fee,Rp1.000 - Rp5.000 / shipment ops layer + fixed,20%,2-5 Months,Head of Fulfillment / COO,Peak season failures or courier SLA disputes,Complexity of multi-courier contracts,Phased city rollout + clear exception playbooks,,,,,"First-attempt success, late delivery %, ticket volume",Active,Logistics Services,Sector-pattern service class (no private client claim); see Notes sources,2026-07-10,confidence=0.88 | sources=SRC-000001;SRC-000004;SRC-000006 | retrieved=2026-07-10; version=knowledge-v2.0-batch-002-service; batch=Batch-002 | published_ref=2022-01-01 | class=B2B_service_catalog | grounding=trusted_public_sector_knowledge_categories_not_private_client_claim | dps=v1.0
PROD-033,Contact Center Quality Assurance Service,Outsourcing,CX Quality,Service,"Sampling, scoring, and coaching loops for voice/chat interactions against defined quality frameworks and compliance scripts.",Inconsistent agent quality and weak compliance evidence on customer interactions.,"Telecommunications, Banking, Insurance, E-commerce","Medium, Enterprise",Customer Experience / Contact Center,Contact centers with large agent populations and regulated scripts.,"Call sampling, scorecards, calibration sessions, coaching packs",Higher script adherence; better coaching signal,Independent QA capacity that scales with interaction volume.,QA score and compliance findings improve,3-8 Weeks,Low-Medium,"QA analysts, trainers",Per evaluation + monthly program fee,Rp25 Jt - Rp120 Jt / month,35%,1-3 Months,VP Customer Experience,CSAT drop or regulator complaint cluster,Agents resist scoring,Transparent rubrics + dual calibration with team leads,,,,,"QA score, calibration variance, coaching completion",Active,BPO Services,Sector-pattern service class (no private client claim); see Notes sources,2026-07-10,confidence=0.88 | sources=SRC-000011;SRC-000004;SRC-000012 | retrieved=2026-07-10; version=knowledge-v2.0-batch-002-service; batch=Batch-002 | published_ref=2021-01-01 | class=B2B_service_catalog | grounding=trusted_public_sector_knowledge_categories_not_private_client_claim | dps=v1.0
PROD-034,Content Moderation Operations Service,Outsourcing,Trust & Safety Ops,Service,Human-in-the-loop moderation of UGC and marketplace listings against policy taxonomies with audit sampling.,Unsafe or non-compliant content volume exceeds automated filters alone.,"E-commerce, Media & Entertainment, Software & SaaS","Medium, Enterprise",Trust & Safety / Operations,Platforms with high UGC or seller listing volume.,"Policy taxonomy ops, multi-shift coverage, sampling audits, escalation paths",Faster takedown of violations; measurable policy adherence,Scale trust & safety operations with trained moderation capacity.,SLA on queue age and policy precision/recall samples,1-2 Months,Medium,"Moderators, team leads, QA",Per item reviewed + shift staffing,Volume-based (Rp per item / hour),22%,2-4 Months,Head of Trust & Safety,Viral abuse cases or regulator attention,Privacy of user content,"Access controls, NDAs, least-privilege tooling, audit logs",,,,,"Queue age, precision samples, reopened cases",Active,BPO Services,Sector-pattern service class (no private client claim); see Notes sources,2026-07-10,confidence=0.86 | sources=SRC-000004;SRC-000005;SRC-000011 | retrieved=2026-07-10; version=knowledge-v2.0-batch-002-service; batch=Batch-002 | published_ref=2022-01-01 | class=B2B_service_catalog | grounding=trusted_public_sector_knowledge_categories_not_private_client_claim | dps=v1.0
PROD-035,Finance & Accounting Outsourcing Service,Outsourcing,F&A,Service,"Outsourced bookkeeping, AP/AR processing, and management reporting packs under agreed close calendars.",Month-end close delays and high manual effort in transactional finance.,"Retail Trade, Manufacturing, Professional Services, Hospitality & Hotels","Medium, Enterprise",Finance,Growing firms needing standardized transactional finance capacity.,"AP/AR processing, reconciliations, close checklist, report packs",Faster close; scalable transaction processing,Professional F&A operations capacity without full in-house scale-up.,Close cycle days reduced; reconciliation backlog cleared,1-3 Months,Medium,"Accountants, process leads",Per transaction + monthly base,Rp30 Jt - Rp200 Jt / month,30%,2-5 Months,CFO / Finance Controller,Close delays or multi-entity expansion,Data confidentiality,"Access segregation, encryption, audit rights, named processors",,,,,"Days to close, AP aging, error rate",Active,F&A Services,Sector-pattern service class (no private client claim); see Notes sources,2026-07-10,confidence=0.89 | sources=SRC-000001;SRC-000012;SRC-000013 | retrieved=2026-07-10; version=knowledge-v2.0-batch-002-service; batch=Batch-002 | published_ref=2020-01-01 | class=B2B_service_catalog | grounding=trusted_public_sector_knowledge_categories_not_private_client_claim | dps=v1.0
PROD-036,Payroll Tax Compliance Support Service,Outsourcing,Payroll Compliance,Service,"Support service for payroll calculation checks, withholding tax routines, and statutory filing readiness aligned to Indonesian employment rules.",Payroll tax errors create penalties and employee disputes.,"Manufacturing, Retail Trade, BPO, Hospitality & Hotels","Medium, Enterprise",HR / Finance,Employers with large or multi-site workforces and frequent regulatory updates.,"Calculation checks, statutory calendar, exception handling, audit packs",Fewer penalties; consistent statutory treatment,Reduce payroll compliance risk with specialized operating support.,Filing on-time rate and correction rate improve,1-2 Months,Medium,"Payroll specialists, tax support",Per employee / month + setup,Rp25 Rb - Rp80 Rb / employee / month,40%,2-4 Months,CHRO / Finance Controller,Tax rule change or penalty event,Sensitive payroll data,Data processing agreements + limited field access + audit logs,,,,,"On-time filing, correction tickets, penalty events",Active,HR Services,Sector-pattern service class (no private client claim); see Notes sources,2026-07-10,confidence=0.90 | sources=SRC-000011;SRC-000001;SRC-000013 | retrieved=2026-07-10; version=knowledge-v2.0-batch-002-service; batch=Batch-002 | published_ref=2021-01-01 | class=B2B_service_catalog | grounding=trusted_public_sector_knowledge_categories_not_private_client_claim | dps=v1.0
PROD-037,Recruitment Process Outsourcing (RPO) Service,Outsourcing,Talent Acquisition,Service,"End-to-end or surge recruitment operations including sourcing, screening, interview coordination, and offer administration.",Hiring volume exceeds internal TA capacity during expansion or high turnover.,"Manufacturing, Retail Trade, BPO, Technology Services","Medium, Enterprise",Human Resources / TA,Employers with recurring high-volume or multi-location hiring.,"Sourcing funnels, structured screening, SLA time-to-fill, reporting",Faster fill rates; scalable TA capacity,Professional recruiting operations for volume and surge demand.,Time-to-fill and quality-of-hire indicators improve,3-8 Weeks,Medium,"Recruiters, coordinators",Per hire or managed monthly capacity,Per hire fee or Rp40 Jt+ / month team,25%,1-3 Months,CHRO / TA Head,Plant expansion or seasonal hiring spike,Employer brand control,Approved scripts + brand guidelines + joint interview panels,,,,,"Time-to-fill, offer acceptance, 90-day retention sample",Active,HR Services,Sector-pattern service class (no private client claim); see Notes sources,2026-07-10,confidence=0.89 | sources=SRC-000011;SRC-000012;SRC-000013 | retrieved=2026-07-10; version=knowledge-v2.0-batch-002-service; batch=Batch-002 | published_ref=2020-01-01 | class=B2B_service_catalog | grounding=trusted_public_sector_knowledge_categories_not_private_client_claim | dps=v1.0
PROD-038,Corporate Learning Delivery Service,Professional Services,Learning & Development,Service,"Design and delivery of corporate training programs including compliance modules, technical upskilling, and facilitation.",Training programs irregular; compliance completion hard to evidence.,"Banking, Manufacturing, BUMN-related enterprises, Healthcare Services","Medium, Enterprise",L&D / Human Capital,Organizations with mandatory compliance training and skill transformation agendas.,"Curriculum design, facilitation, assessment, completion reporting",Higher completion; structured skill pathways,Deliver measurable learning programs at workforce scale.,Completion rate and assessment pass rate meet targets,1-3 Months,Medium,"Trainers, instructional designers",Per cohort + materials,Rp50 Jt - Rp500 Jt / program,30%,2-4 Months,CHRO / L&D Head,Regulator training mandate or transformation program,Content not tailored,Discovery workshops + role-based modules + pilot cohort,,,,,"Completion %, assessment scores, manager feedback",Active,L&D Services,Sector-pattern service class (no private client claim); see Notes sources,2026-07-10,confidence=0.88 | sources=SRC-000011;SRC-000005;SRC-000004 | retrieved=2026-07-10; version=knowledge-v2.0-batch-002-service; batch=Batch-002 | published_ref=2021-01-01 | class=B2B_service_catalog | grounding=trusted_public_sector_knowledge_categories_not_private_client_claim | dps=v1.0
PROD-039,ESG Reporting & Sustainability Disclosure Support Service,Professional Services,Sustainability,Service,"Data collection support, framework mapping, and drafting assistance for sustainability/ESG disclosures used by enterprises.",ESG data scattered; disclosure deadlines and investor requests increase.,"Mining & Quarrying, Palm Oil & Plantations, Manufacturing, Banking",Enterprise,Sustainability / Corporate Secretary,Issuers and large groups facing disclosure and buyer ESG questionnaires.,"Metric inventory, evidence packs, narrative drafting support, gap analysis",More consistent disclosures; clearer evidence trails,Operational support for sustainability reporting cycles.,On-time disclosure pack with traceable metrics,2-6 Months,Medium-High,"ESG analysts, sector SMEs",Project retainer per reporting cycle,Rp200 Jt - Rp2 Miliar / cycle,28%,3-7 Months,Sustainability Head / CFO,Exchange/investor questionnaire or buyer audit,Greenwashing risk,Evidence-first approach; no unverified claims in drafts,,,,,"On-time filing, evidence completeness %, restatement events",Active,Sustainability Services,Sector-pattern service class (no private client claim); see Notes sources,2026-07-10,confidence=0.90 | sources=SRC-000004;SRC-000006;SRC-000005 | retrieved=2026-07-10; version=knowledge-v2.0-batch-002-service; batch=Batch-002 | published_ref=2022-01-01 | class=B2B_service_catalog | grounding=trusted_public_sector_knowledge_categories_not_private_client_claim | dps=v1.0
PROD-040,Industrial Energy Audit Service,Energy Services,Energy Efficiency,Service,Measurement-based energy audits for industrial and commercial facilities with prioritized efficiency recommendations.,Energy cost high without quantified loss sources or investment roadmap.,"Manufacturing, Cement & Building Materials, Chemicals, Hospitality & Hotels","Medium, Enterprise",Operations / Facilities / Sustainability,Energy-intensive facilities seeking efficiency and compliance pathways.,"Baseline measurement, opportunity list, ROI ranges, M&V plan outline",Actionable efficiency pipeline; better CAPEX prioritization,Turn energy bills into a measured improvement plan.,Prioritized opportunities with estimated savings bands,4-12 Weeks,Medium,"Energy engineers, measurement tools",Fixed project fee,Rp75 Jt - Rp750 Jt / site,30%,1-3 Months,Plant Director / Facilities Head,Tariff pressure or ESG energy targets,Audit without implementation value,Quick-win package + optional implementation partners,,,,,"kWh intensity baseline, identified savings %, measures implemented",Active,Energy Services,Sector-pattern service class (no private client claim); see Notes sources,2026-07-10,confidence=0.91 | sources=SRC-000001;SRC-000007;SRC-000004 | retrieved=2026-07-10; version=knowledge-v2.0-batch-002-service; batch=Batch-002 | published_ref=2020-01-01 | class=B2B_service_catalog | grounding=trusted_public_sector_knowledge_categories_not_private_client_claim | dps=v1.0
PROD-041,Occupational Health & Safety (OHS) Managed Service,Professional Services,HSE,Service,"HSE program operations support including inspections, incident logging discipline, training coordination, and leading-indicator reporting.",HSE processes inconsistent across sites; weak leading indicators.,"Construction, Mining & Quarrying, Manufacturing, Oil & Gas","Medium, Enterprise",HSE / Operations,Multi-site industrial operators with contractor-heavy workforces.,"Inspection schedules, permit-to-work support, training matrix, KPI packs",More consistent HSE execution; better audit readiness,Scale HSE operating discipline across sites.,Inspection completion and incident reporting quality improve,1-3 Months,Medium,"HSE officers, trainers",Monthly per site + project assessments,Rp30 Jt - Rp200 Jt / site / month,28%,2-5 Months,HSE Director / COO,Incident cluster or certification audit,Accountability remains with employer,Clear RACI: service supports; legal duty stays with client,,,,,"LTIFR trend, inspection closure rate, training completion",Active,HSE Services,Sector-pattern service class (no private client claim); see Notes sources,2026-07-10,confidence=0.90 | sources=SRC-000011;SRC-000001;SRC-000007 | retrieved=2026-07-10; version=knowledge-v2.0-batch-002-service; batch=Batch-002 | published_ref=2021-01-01 | class=B2B_service_catalog | grounding=trusted_public_sector_knowledge_categories_not_private_client_claim | dps=v1.0
PROD-042,Equipment Calibration & Metrology Coordination Service,Industrial Services,Quality Assurance,Service,Calibration schedule management and coordination with accredited labs for production and lab instruments.,Missed calibration due dates create quality and audit risk.,"Pharmaceuticals, Food & Beverage Processing, Electronics Manufacturing, Chemicals","Medium, Enterprise",Quality / Maintenance,Regulated manufacturers with instrument-heavy QA systems.,"Asset register, due-date control, certificate vault, lab coordination",Fewer overdue instruments; stronger audit evidence,Keep measurement systems audit-ready continuously.,Overdue calibration rate near zero,4-10 Weeks,Medium,"Metrology coordinators, lab partners",Monthly coordination + per calibration pass-through,Rp15 Jt - Rp80 Jt / month + lab fees,25%,1-3 Months,Quality Director,Audit nonconformity on calibration,Prefer pure internal control,Client-owned register with external execution capacity,,,,,"Overdue %, on-time calibration, NC related to measurement",Active,Quality Services,Sector-pattern service class (no private client claim); see Notes sources,2026-07-10,confidence=0.88 | sources=SRC-000007;SRC-000001;SRC-000004 | retrieved=2026-07-10; version=knowledge-v2.0-batch-002-service; batch=Batch-002 | published_ref=2020-01-01 | class=B2B_service_catalog | grounding=trusted_public_sector_knowledge_categories_not_private_client_claim | dps=v1.0
PROD-043,Warehouse Operations Outsourcing Service,Logistics,Warehouse Labor Ops,Service,"Staffed warehouse operations for receiving, putaway, picking, packing, and inventory counts under productivity SLAs.",Labor volatility and process inconsistency reduce throughput.,"E-commerce, Retail Trade, Warehousing & Distribution, Manufacturing","Medium, Enterprise",Warehouse Operations,Facilities with high order volatility needing flexible labor + process control.,"Shift staffing, productivity standards, inventory count routines, supervisor layer",Elastic labor; standardized SOPs,"Run warehouse floors with managed productivity, not ad-hoc hiring alone.",Lines per hour and inventory variance improve,2-6 Weeks,Medium,"Ops supervisors, warehouse associates",Per FTE / shift + performance incentives,Regional wage + management fee,12-18%,1-3 Months,Warehouse Manager / COO,Peak season or new DC launch,Labor relations risk,Compliant contracts + local hiring mix + transparent KPIs,,,,,"UPH/LPH, inventory accuracy, OTIF contribution",Active,Logistics Services,Sector-pattern service class (no private client claim); see Notes sources,2026-07-10,confidence=0.89 | sources=SRC-000011;SRC-000001;SRC-000012 | retrieved=2026-07-10; version=knowledge-v2.0-batch-002-service; batch=Batch-002 | published_ref=2021-01-01 | class=B2B_service_catalog | grounding=trusted_public_sector_knowledge_categories_not_private_client_claim | dps=v1.0
PROD-044,Port Agency Support Service,Maritime Services,Port Operations,Service,"Ship agency coordination covering port calls, documentation liaison, and stakeholder coordination for vessel operations.",Port call coordination complexity causes delays and demurrage risk.,"Maritime & Shipping, Ports & Terminals, Oil & Gas, Mining & Quarrying","Medium, Enterprise",Marine Ops / Logistics,Ship operators and cargo principals with recurring Indonesian port calls.,"Port call desk, document liaison, stakeholder coordination, status reporting",Smoother port stays; clearer operational status,Local port coordination capacity for vessel principals.,Port stay variance and documentation delays reduced,Immediate onboarding to 4 Weeks,Medium,"Port agents, ops coordinators",Per port call + disbursement handling,Per call schedule (port-dependent),20%,1-3 Months,Marine Operations Manager,New trade lane or demurrage events,Prefer single global agent only,Work as local executing arm under principal instructions,,,,,"On-time documentation, demurrage events, principal satisfaction",Active,Maritime Services,Sector-pattern service class (no private client claim); see Notes sources,2026-07-10,confidence=0.87 | sources=SRC-000001;SRC-000006;SRC-000004 | retrieved=2026-07-10; version=knowledge-v2.0-batch-002-service; batch=Batch-002 | published_ref=2020-01-01 | class=B2B_service_catalog | grounding=trusted_public_sector_knowledge_categories_not_private_client_claim | dps=v1.0
PROD-045,Agricultural Extension & Agronomy Advisory Service,Agri Services,Extension,Service,"Field advisory programs for producers covering good agricultural practices, input use efficiency, and yield monitoring support.",Yield variability and uneven GAP adoption across grower networks.,"Agriculture, Palm Oil & Plantations, Agriculture Input & Agri-Services","Medium, Enterprise",Agronomy / Sustainability / Procurement,Offtakers and plantation groups managing smallholder or estate productivity.,"Field visits, GAP checklists, training cohorts, yield tracking support",More consistent practices; better offtake quality,Structured agronomy support for productivity and compliance programs.,GAP adoption and yield indicators improve in target cohorts,1 season cycle,Medium,"Agronomists, field facilitators",Per hectare / season or program fee,Program-based,22%,2-6 Months,Head of Agronomy / Procurement,Quality claims or certification program,Field cost high for dispersed growers,Cluster model + digital reporting + lead-farmer approach,,,,,"GAP score, yield/ha sample, rejection rate at offtake",Active,Agri Services,Sector-pattern service class (no private client claim); see Notes sources,2026-07-10,confidence=0.90 | sources=SRC-000001;SRC-000004;SRC-000006 | retrieved=2026-07-10; version=knowledge-v2.0-batch-002-service; batch=Batch-002 | published_ref=2019-01-01 | class=B2B_service_catalog | grounding=trusted_public_sector_knowledge_categories_not_private_client_claim | dps=v1.0
PROD-046,Plantation Sustainability Assurance Support Service,Agri Services,Certification Support,Service,"Operational support for sustainability standard readiness including evidence collection, internal audits, and corrective action tracking for plantation supply chains.",Certification audits fail due to weak evidence and incomplete CARs.,"Palm Oil & Plantations, Agriculture, Food & Beverage Processing",Enterprise,Sustainability / Certification,Plantation groups and mills under buyer or certification pressure.,"Internal audit support, evidence matrix, CAR tracking, training",Higher audit readiness; fewer major nonconformities,"Make sustainability assurance operational, not last-minute document rushes.",Internal audit closure rate and NC severity improve,2-6 Months,Medium-High,"Sustainability auditors, field verifiers",Retainer + audit cycles,Rp150 Jt - Rp1.2 Miliar / cycle,28%,3-6 Months,Sustainability Director,Buyer audit or certificate surveillance,External support cannot replace management ownership,Capacity building model with client process owners,,,,,"Major NC count, CAR closure time, surveillance outcome",Active,Sustainability Services,Sector-pattern service class (no private client claim); see Notes sources,2026-07-10,confidence=0.89 | sources=SRC-000004;SRC-000006;SRC-000001 | retrieved=2026-07-10; version=knowledge-v2.0-batch-002-service; batch=Batch-002 | published_ref=2021-01-01 | class=B2B_service_catalog | grounding=trusted_public_sector_knowledge_categories_not_private_client_claim | dps=v1.0
PROD-047,Hospitality Revenue Management Support Service,Hospitality Services,Revenue Management,Service,Pricing and inventory management support for hotels including channel strategy reviews and performance reporting.,ADR and occupancy underperform due to weak pricing discipline.,"Hospitality & Hotels, Tourism & Travel Services","Medium, Enterprise",Revenue / Commercial,Hotel groups needing specialized RM capacity across properties.,"Pricing calendars, channel mix review, pickup monitoring, weekly commercial packs",Better RevPAR discipline; structured commercial cadence,Bring revenue management operating rhythm without full in-house RM teams everywhere.,RevPAR and forecast accuracy improve vs baseline,4-10 Weeks,Medium,Revenue analysts,Monthly per property,Rp20 Jt - Rp100 Jt / property / month,35%,1-3 Months,GM / Director of Revenue,Occupancy recovery programs or new openings,Brand central RM already exists,Complement central strategy with property execution support,,,,,"RevPAR index, forecast error, channel mix",Active,Hospitality Services,Sector-pattern service class (no private client claim); see Notes sources,2026-07-10,confidence=0.87 | sources=SRC-000001;SRC-000004;SRC-000005 | retrieved=2026-07-10; version=knowledge-v2.0-batch-002-service; batch=Batch-002 | published_ref=2022-01-01 | class=B2B_service_catalog | grounding=trusted_public_sector_knowledge_categories_not_private_client_claim | dps=v1.0
PROD-048,Retail Merchandising Execution Service,Retail Services,In-Store Execution,Service,"Field merchandising teams for planogram compliance, shelf availability checks, and promotional display execution.",Planogram compliance and OSA poor across distributed stores.,"Retail Trade, FMCG, Wholesale Trade","Medium, Enterprise",Trade Marketing / Sales Ops,Brands and retailers with multi-store networks needing field execution.,"Store visits, photo evidence, OSA checks, promo compliance scoring",Higher on-shelf availability; better promo fidelity,Convert trade plans into store-level execution with evidence.,OSA and planogram compliance scores rise,2-6 Weeks,Low-Medium,"Merchandisers, field supervisors",Per store visit / monthly coverage,Coverage-based,18%,1-3 Months,Trade Marketing Head,New product launch or promo season,Field photo fraud risk,Geo-tagged evidence + sample audits + supervisor ride-alongs,,,,,"OSA %, planogram compliance, promo compliance",Active,Retail Services,Sector-pattern service class (no private client claim); see Notes sources,2026-07-10,confidence=0.88 | sources=SRC-000001;SRC-000012;SRC-000004 | retrieved=2026-07-10; version=knowledge-v2.0-batch-002-service; batch=Batch-002 | published_ref=2021-01-01 | class=B2B_service_catalog | grounding=trusted_public_sector_knowledge_categories_not_private_client_claim | dps=v1.0
PROD-049,Mystery Shopping & Service Audit Service,Retail Services,Service Quality Audit,Service,Structured mystery shopping programs measuring service standards across branches with scored reports.,Service standards vary by branch without independent measurement.,"Banking, Retail Trade, Hospitality & Hotels, Telecommunications","Medium, Enterprise",Quality / Branch Ops / CX,Multi-branch service networks with brand standard programs.,"Scenario scripts, scoring rubrics, branch heatmaps, coaching inputs",Independent service signal; targeted coaching,"Measure real customer-facing execution, not self-reported scores alone.",Branch score distribution tightens upward,3-8 Weeks,Low-Medium,"Shoppers, analysts",Per visit + program management,Per visit schedule,30%,1-3 Months,Head of Branch Ops / CX,Brand refresh or complaint spikes,Sample not representative,Statistically planned sampling + seasonal waves,,,,,"Average score, critical fail rate, score variance",Active,CX Services,Sector-pattern service class (no private client claim); see Notes sources,2026-07-10,confidence=0.87 | sources=SRC-000012;SRC-000004;SRC-000001 | retrieved=2026-07-10; version=knowledge-v2.0-batch-002-service; batch=Batch-002 | published_ref=2020-01-01 | class=B2B_service_catalog | grounding=trusted_public_sector_knowledge_categories_not_private_client_claim | dps=v1.0
PROD-050,Healthcare Revenue Cycle Support Service,Healthcare Services,RCM Ops,Service,"Operational support for coding assistance, claim preparation workflows, and denial follow-up processes for healthcare providers.",Claim denials and slow billing cycles strain hospital cash flow.,"Healthcare Services, Insurance","Medium, Enterprise",Finance / Medical Records / Casemix,Hospitals and clinic networks with high claim volume.,"Coding support workflows, denial queues, TAT reporting, documentation feedback",Faster clean claims; lower denial rates,Strengthen revenue cycle operations with specialized processing capacity.,Days in AR and denial rate improve,1-3 Months,Medium-High,"Coders, RCM analysts",Per claim / monthly capacity,Volume-based,28%,3-6 Months,CFO / Hospital Director,Cash conversion pressure or payer rule changes,Clinical data sensitivity,Strict access controls + DPA + on-prem/VPN options where required,,,,,"Clean claim rate, denial %, days in AR",Active,Healthcare Ops Services,Sector-pattern service class (no private client claim); see Notes sources,2026-07-10,confidence=0.86 | sources=SRC-000004;SRC-000001;SRC-000006 | retrieved=2026-07-10; version=knowledge-v2.0-batch-002-service; batch=Batch-002 | published_ref=2022-01-01 | class=B2B_service_catalog | grounding=trusted_public_sector_knowledge_categories_not_private_client_claim | dps=v1.0
PROD-051,Insurance Policy Administration Support Service,Financial Services Ops,Policy Admin BPO,Service,"Back-office support for policy issuance checks, endorsements, and servicing queues for insurers.",Policy admin backlogs slow customer servicing and new business onboarding.,"Insurance, Multifinance & Leasing","Medium, Enterprise",Operations / Policy Admin,Insurers with high new business and servicing transaction volume.,"Queue processing, checklist validation, exception routing, productivity reporting",Shorter servicing TAT; scalable ops capacity,Absorb policy admin peaks with controlled quality sampling.,TAT and error rates within ops SLAs,1-2 Months,Medium,"Ops associates, QA",Per transaction + FTE,Per policy transaction schedule,25%,2-5 Months,COO / Head of Operations,New product launch volume or backlog incidents,Regulatory outsourcing constraints,Scope only permitted activities; client retains control functions,,,,,"TAT, error rate, reopen rate",Active,Insurance Ops Services,Sector-pattern service class (no private client claim); see Notes sources,2026-07-10,confidence=0.90 | sources=SRC-000010;SRC-000004;SRC-000011 | retrieved=2026-07-10; version=knowledge-v2.0-batch-002-service; batch=Batch-002 | published_ref=2021-01-01 | class=B2B_service_catalog | grounding=trusted_public_sector_knowledge_categories_not_private_client_claim | dps=v1.0
PROD-052,Claims Processing Support Service,Financial Services Ops,Claims Ops,Service,"Document completeness checks, claims queue processing support, and status communication workflows for claims operations.",Claims backlogs and incomplete documents drive customer complaints.,"Insurance, Multifinance & Leasing, Banking","Medium, Enterprise",Claims,Insurers/lenders with high claim or loss-event volume.,"Doc completeness gates, queue SLAs, exception taxonomy, reporting",Faster first-pass processing; clearer exception reasons,Stabilize claims throughput with trained ops capacity and QA.,Claims cycle time and first-pass yield improve,1-3 Months,Medium-High,"Claims ops associates, QA",Per claim stage + monthly base,Volume-based,26%,3-6 Months,Head of Claims / COO,Catastrophe volume or NPS decline on claims,Decision authority must stay internal,Support processing only; adjudication remains client-side,,,,,"Cycle time, first-pass yield, complaint rate",Active,Claims Services,Sector-pattern service class (no private client claim); see Notes sources,2026-07-10,confidence=0.90 | sources=SRC-000010;SRC-000004;SRC-000001 | retrieved=2026-07-10; version=knowledge-v2.0-batch-002-service; batch=Batch-002 | published_ref=2021-01-01 | class=B2B_service_catalog | grounding=trusted_public_sector_knowledge_categories_not_private_client_claim | dps=v1.0
PROD-053,Digital KYC Operations Support Service,Financial Services Ops,KYC Ops,Service,"Human review support for digital onboarding cases, exception queues, and quality sampling aligned to financial-sector KYC processes.",Automated KYC still leaves large exception queues and quality risk.,"Banking, Fintech & Digital Finance, Payments & Payment Systems","Medium, Enterprise",Operations / Compliance Ops,Digital financial providers with high onboarding volume.,"Exception review, dual control sampling, TAT dashboards, evidence packs",Higher straight-through completion; controlled residual risk,Scale KYC operations quality without weakening control intent.,Exception queue age and quality sample scores improve,1-2 Months,Medium-High,"KYC reviewers, QA, team leads",Per case reviewed + capacity retainer,Per case schedule,30%,2-5 Months,COO / Head of Compliance Ops,Onboarding growth or audit findings on KYC quality,Sensitive identity data,"Secure environments, least privilege, logging, contractual controls",,,,,"Queue age, false accept/reject samples, reopen rate",Active,KYC Ops Services,Sector-pattern service class (no private client claim); see Notes sources,2026-07-10,confidence=0.91 | sources=SRC-000010;SRC-000004;SRC-000005 | retrieved=2026-07-10; version=knowledge-v2.0-batch-002-service; batch=Batch-002 | published_ref=2022-01-01 | class=B2B_service_catalog | grounding=trusted_public_sector_knowledge_categories_not_private_client_claim | dps=v1.0
PROD-054,Payment Operations Support Service,Financial Services Ops,Payments Ops,Service,"Back-office support for payment exception handling, reconciliation assistance, and merchant/partner ops queues.",Payment exceptions and recon breaks consume scarce specialist time.,"Payments & Payment Systems, Banking, E-commerce, Fintech & Digital Finance","Medium, Enterprise",Payments Ops / Finance Ops,Payment operators and banks with high transaction exception volume.,"Exception taxonomies, recon support workflows, partner escalations, SLA reporting",Faster exception clearance; clearer ops metrics,Absorb payment ops peaks with disciplined queue management.,Exception aging and recon break aging improve,1-2 Months,Medium,"Payments ops associates, recon analysts",FTE / per exception,Capacity-based,27%,2-4 Months,Head of Payments Ops,Transaction growth or recon backlog incidents,Critical payment rails risk,Scope non-core exceptions first; dual control for sensitive actions,,,,,"Exception aging, recon breaks open, SLA hit rate",Active,Payments Ops Services,Sector-pattern service class (no private client claim); see Notes sources,2026-07-10,confidence=0.90 | sources=SRC-000010;SRC-000004;SRC-000001 | retrieved=2026-07-10; version=knowledge-v2.0-batch-002-service; batch=Batch-002 | published_ref=2022-01-01 | class=B2B_service_catalog | grounding=trusted_public_sector_knowledge_categories_not_private_client_claim | dps=v1.0
PROD-055,Public Procurement Bid Support Service,Professional Services,Public Sector Capture,Service,"Advisory and document-assembly support for suppliers participating in public procurement processes, using only publicly available tender rules and notices.",Suppliers miss administrative compliance items in public tenders.,"Construction, Information Technology Services, Professional Services, Public Procurement Ecosystem","Medium, Enterprise",Business Development / Legal Admin,Vendors regularly bidding on public tenders needing process discipline.,"Requirement checklists, document assembly support, timeline control, compliance review",Fewer administrative disqualifications; better bid hygiene,Improve tender administration quality using public procurement rules.,Admin pass rate of submitted bids improves,Per tender cycle,Medium,"Bid coordinators, compliance reviewers",Per bid package + retainer,Per package,32%,1-3 Months,Head of BD / Commercial,Repeated admin DQ or new e-procurement requirements,Perceived influence peddling risk,Strictly document/process support only; no improper influence activities,,,,,"Admin pass rate, on-time submission rate",Active,Public Sector Services,Sector-pattern service class (no private client claim); see Notes sources,2026-07-10,confidence=0.88 | sources=SRC-000014;SRC-000015;SRC-000001 | retrieved=2026-07-10; version=knowledge-v2.0-batch-002-service; batch=Batch-002 | published_ref=2021-01-01 | class=B2B_service_catalog | grounding=trusted_public_sector_knowledge_categories_not_private_client_claim | dps=v1.0
PROD-056,Business Licensing Process Facilitation Service,Professional Services,Licensing Ops,Service,"Process facilitation for businesses preparing documentation and tracking official licensing steps via public channels (e.g. OSS information), without replacing authority decisions.",Firms lose time assembling incomplete licensing documentation.,"Manufacturing, Retail Trade, Hospitality & Hotels, Professional Services","SMB, Medium, Enterprise",Legal / Corporate Affairs,Businesses expanding locations or entities needing structured licensing prep.,"Document checklists, status tracking, authority channel guidance, gap lists",Fewer incomplete submissions; clearer process timelines,Prepare licensing packages correctly the first time using official process information.,Resubmission rate declines; cycle transparency improves,2-8 Weeks per case type,Medium,Licensing coordinators,Per license package,Case-based,30%,1-3 Months,Legal Counsel / COO,New site opening or entity restructuring,Cannot guarantee approval,Explicitly facilitate process only; approvals remain with authorities,,,,,"First-pass completeness, cycle time to submission",Active,Licensing Services,Sector-pattern service class (no private client claim); see Notes sources,2026-07-10,confidence=0.89 | sources=SRC-000015;SRC-000008;SRC-000001 | retrieved=2026-07-10; version=knowledge-v2.0-batch-002-service; batch=Batch-002 | published_ref=2021-01-01 | class=B2B_service_catalog | grounding=trusted_public_sector_knowledge_categories_not_private_client_claim | dps=v1.0
PROD-057,Managed Security Awareness Training Service,Cybersecurity,Awareness,Service,"Recurring phishing simulations, awareness modules, and reporting for workforce security culture programs.",Human-factor incidents remain high despite technical controls.,"Banking, Insurance, Professional Services, Software & SaaS","Medium, Enterprise",IT Security / HR L&D,Organizations needing continuous awareness evidence for risk and audit.,"Phishing campaigns, micro-learning, department heatmaps, executive reports",Measurable behavior change; audit-ready training evidence,Run security awareness as an ongoing managed program.,Phish fail rate trends down; completion rate high,2-6 Weeks,Low-Medium,"Awareness specialists, content",Per user / year,Rp50 Rb - Rp250 Rb / user / year,40%,1-3 Months,CISO / CHRO,Incident involving social engineering or audit gap,Users ignore training,Short modules + manager dashboards + simulated consequences,,,,,"Completion %, phish fail rate, repeat offenders",Active,Security Services,Sector-pattern service class (no private client claim); see Notes sources,2026-07-10,confidence=0.90 | sources=SRC-000010;SRC-000005;SRC-000004 | retrieved=2026-07-10; version=knowledge-v2.0-batch-002-service; batch=Batch-002 | published_ref=2021-01-01 | class=B2B_service_catalog | grounding=trusted_public_sector_knowledge_categories_not_private_client_claim | dps=v1.0
PROD-058,Data Protection Impact Assessment Support Service,Professional Services,Privacy Ops,Service,"Facilitated DPIA workshops, data mapping support, and risk documentation assistance for personal data processing activities.",Privacy programs lack consistent DPIA evidence for high-risk processing.,"Banking, Healthcare Services, E-commerce, Telecommunications","Medium, Enterprise",Privacy / Legal / Compliance,Controllers processing personal data at scale under Indonesian privacy expectations.,"Processing inventory support, risk scoring workshops, mitigation registers",Stronger privacy documentation; clearer residual risk ownership,Operationalize privacy assessments without a permanent specialist army.,DPIA coverage for in-scope systems increases,1-3 Months,Medium-High,"Privacy analysts, facilitators",Per assessment + program retainer,Rp75 Jt - Rp400 Jt / assessment,35%,2-5 Months,DPO / Legal Counsel,New high-risk processing or regulator attention,Legal advice boundary,Position as documentation/ops support; legal opinions remain counsel's,,,,,"DPIA coverage %, open high risks, remediation aging",Active,Privacy Services,Sector-pattern service class (no private client claim); see Notes sources,2026-07-10,confidence=0.90 | sources=SRC-000010;SRC-000004;SRC-000005 | retrieved=2026-07-10; version=knowledge-v2.0-batch-002-service; batch=Batch-002 | published_ref=2022-01-01 | class=B2B_service_catalog | grounding=trusted_public_sector_knowledge_categories_not_private_client_claim | dps=v1.0
PROD-059,Industrial Maintenance Contract Service,Industrial Services,Maintenance Ops,Service,Scheduled and breakdown maintenance labor for plant utilities and production support equipment under response SLAs.,Unplanned downtime rises when maintenance capacity is thin.,"Manufacturing, Food & Beverage Processing, Cement & Building Materials, Chemicals","Medium, Enterprise",Maintenance / Plant Ops,Plants needing flexible multi-skill maintenance coverage.,"PM schedules, breakdown response, spare coordination, shift reports",Higher equipment availability; predictable maintenance capacity,Keep plant utilities and support assets available with contracted crews.,MTTR and planned vs unplanned maintenance ratio improve,2-8 Weeks,Medium,"Technicians, supervisors",Monthly crew + call-out,Site-dependent,18%,2-4 Months,Plant Manager / Maintenance Head,Repeated breakdowns or workforce shortage,Safety competency of contracted staff,Competency matrix + permit-to-work + client HSE induction,,,,,"Availability, MTTR, PM compliance",Active,Industrial Services,Sector-pattern service class (no private client claim); see Notes sources,2026-07-10,confidence=0.88 | sources=SRC-000007;SRC-000001;SRC-000011 | retrieved=2026-07-10; version=knowledge-v2.0-batch-002-service; batch=Batch-002 | published_ref=2020-01-01 | class=B2B_service_catalog | grounding=trusted_public_sector_knowledge_categories_not_private_client_claim | dps=v1.0
PROD-060,Software Quality Assurance Testing Service,IT Services,QA Testing,Service,"Managed functional, regression, and UAT support services for digital product releases.",Release defects escape to production due to insufficient test capacity.,"Software & SaaS, Banking, E-commerce, Telecommunications","Medium, Enterprise",Engineering / QA,Product organizations with frequent release trains.,"Test case design, regression packs, defect triage support, release readiness reports",Fewer production defects; more predictable releases,Elastic QA capacity aligned to release cadence.,Escaped defect rate declines; release readiness evidence improves,2-6 Weeks,Medium,"QA engineers, test leads",FTE / sprint capacity,Rp40 Jt - Rp200 Jt / month capacity,32%,1-3 Months,Head of Engineering / QA Lead,Critical production bugs or release acceleration,Testers lack domain knowledge,Domain onboarding + paired testing with SMEs,,,,,"Escaped defects, test coverage of critical paths, reopen rate",Active,Digital QA Services,Sector-pattern service class (no private client claim); see Notes sources,2026-07-10,confidence=0.89 | sources=SRC-000005;SRC-000004;SRC-000009 | retrieved=2026-07-10; version=knowledge-v2.0-batch-002-service; batch=Batch-002 | published_ref=2021-01-01 | class=B2B_service_catalog | grounding=trusted_public_sector_knowledge_categories_not_private_client_claim | dps=v1.0
PROD-061,IT Service Desk Managed Service,IT Services,Service Desk,Service,"L1/L2 IT service desk operations with ticket triage, knowledge base maintenance, and SLA reporting.",End-user tickets backlog and inconsistent resolution quality.,"Banking, Professional Services, Manufacturing, Retail Trade","Medium, Enterprise",IT Operations,Organizations with large end-user populations needing 8x5 or 24x7 desk coverage.,"Multi-channel intake, triage, KB articles, escalation matrix, CSAT surveys",Faster first response; standardized resolution paths,Professional service desk capacity with measurable SLAs.,FCR and SLA attainment improve,3-8 Weeks,Medium,"Service desk agents, team leads",Per ticket or per user / month,Rp40 Rb - Rp150 Rb / user / month,30%,2-4 Months,IT Operations Manager,CSAT decline or coverage gap after hours,Language and local context,Bahasa-capable agents + client KB seeding + shadow period,,,,,"FCR, ASA, SLA %, CSAT",Active,IT Support Services,Sector-pattern service class (no private client claim); see Notes sources,2026-07-10,confidence=0.91 | sources=SRC-000005;SRC-000004;SRC-000011 | retrieved=2026-07-10; version=knowledge-v2.0-batch-002-service; batch=Batch-002 | published_ref=2020-01-01 | class=B2B_service_catalog | grounding=trusted_public_sector_knowledge_categories_not_private_client_claim | dps=v1.0
PROD-062,Managed Print & Document Operations Service,Facility Services,Document Ops,Service,"Managed print fleet operations, consumables logistics, and basic document process support for multi-site offices.",Print fleets unmanaged; high cost per page and device downtime.,"Banking, Professional Services, Public sector-adjacent enterprises, Education Services","Medium, Enterprise",GA / IT Workplace,Multi-floor or multi-site offices with high document volume.,"Device monitoring, consumables SLAs, break-fix, usage reporting",Lower cost per page; fewer device outages,Turn print into a measured workplace service.,Cost per page and device uptime improve,4-10 Weeks,Low-Medium,"Field techs, ops desk",Click charge + device rental/management,Per click + monthly device,20%,2-5 Months,GA Head / Workplace IT,Contract renewal or cost reduction program,Sensitive printed documents,Secure print release + access logs + onsite rules,,,,,"Cost/page, device uptime, ticket volume",Active,Workplace Services,Sector-pattern service class (no private client claim); see Notes sources,2026-07-10,confidence=0.86 | sources=SRC-000012;SRC-000001;SRC-000005 | retrieved=2026-07-10; version=knowledge-v2.0-batch-002-service; batch=Batch-002 | published_ref=2020-01-01 | class=B2B_service_catalog | grounding=trusted_public_sector_knowledge_categories_not_private_client_claim | dps=v1.0
PROD-063,Environmental Monitoring & Sampling Coordination Service,Environmental Services,Monitoring,Service,"Coordination of environmental sampling schedules, lab liaison, and compliance reporting packs for industrial sites.",Missed sampling windows create environmental compliance risk.,"Mining & Quarrying, Chemicals, Manufacturing, Oil & Gas",Enterprise,Environment / HSE,Sites with permit-driven monitoring obligations.,"Sampling calendar, chain-of-custody support, lab coordination, report assembly",On-time monitoring; better evidence packs,Keep environmental monitoring obligations on schedule.,On-time sampling rate improves; reporting lag drops,1-2 Months,Medium,"Env officers, lab partners",Monthly program + per sample pass-through,Site-dependent,24%,2-4 Months,Environment Manager,Permit renewal or noncompliance notice,Lab quality variance,Accredited lab preference + duplicate sample protocols,,,,,"On-time samples, report lag, noncompliance events",Active,Environmental Services,Sector-pattern service class (no private client claim); see Notes sources,2026-07-10,confidence=0.88 | sources=SRC-000001;SRC-000007;SRC-000004 | retrieved=2026-07-10; version=knowledge-v2.0-batch-002-service; batch=Batch-002 | published_ref=2021-01-01 | class=B2B_service_catalog | grounding=trusted_public_sector_knowledge_categories_not_private_client_claim | dps=v1.0
PROD-064,Contact Center Overflow / Surge Capacity Service,Outsourcing,Contact Center Capacity,Service,"Burst capacity for voice/chat handling during campaigns, incidents, or seasonal peaks under client scripts and QA rules.",Peak interaction volume overwhelms steady-state agent capacity.,"Telecommunications, E-commerce, Banking, Insurance","Medium, Enterprise",Customer Service Ops,Contact centers with spiky demand and strict brand scripts.,"Surge staffing, ramp playbooks, shared QA, real-time dashboards",Protect SLA during peaks without permanent over-hire,Elastic CX capacity for campaigns and incidents.,Service level held during peaks; abandon rate controlled,2-6 Weeks ramp,Medium,"Trained agents, trainers, QA",Per hour / per contact + ramp fee,Surge rate cards,22%,1-3 Months,VP Customer Experience,"Product launch, outage, or seasonal peak",Quality during ramp,Nesting period + dual monitoring + freeze complex intents initially,,,,,"Service level, AHT, CSAT, abandon rate",Active,BPO Services,Sector-pattern service class (no private client claim); see Notes sources,2026-07-10,confidence=0.89 | sources=SRC-000011;SRC-000004;SRC-000012 | retrieved=2026-07-10; version=knowledge-v2.0-batch-002-service; batch=Batch-002 | published_ref=2021-01-01 | class=B2B_service_catalog | grounding=trusted_public_sector_knowledge_categories_not_private_client_claim | dps=v1.0
PROD-065,Records Digitization & Archival Operations Service,Outsourcing,Document Digitization,Service,"High-volume scanning, indexing, and secure archival operations for enterprise paper records.",Paper archives block retrieval speed and disaster resilience.,"Banking, Insurance, Healthcare Services, Public sector-adjacent enterprises","Medium, Enterprise",Operations / Records,Organizations with large legacy paper backfiles and retrieval SLAs.,"Scan factories, index taxonomies, QA sampling, secure chain of custody",Faster retrieval; reduced paper risk,Industrialize digitization with measurable quality sampling.,Backfile reduced; retrieval TAT meets SLA,1-6 Months by volume,Medium,"Scan ops, indexers, QA",Per image / per box + project setup,Per image schedule,20%,2-6 Months,COO / Records Manager,"Office move, audit, or disaster recovery program",Confidential records exposure,"Secure facility, access logs, sealed transport, destruction certificates",,,,,"Images/day, index accuracy sample, retrieval TAT",Active,Document Ops Services,Sector-pattern service class (no private client claim); see Notes sources,2026-07-10,confidence=0.88 | sources=SRC-000001;SRC-000010;SRC-000004 | retrieved=2026-07-10; version=knowledge-v2.0-batch-002-service; batch=Batch-002 | published_ref=2020-01-01 | class=B2B_service_catalog | grounding=trusted_public_sector_knowledge_categories_not_private_client_claim | dps=v1.0
PROD-066,Vendor Management Office (VMO) Support Service,Professional Services,Procurement Ops,Service,"Operational support for vendor performance tracking, contract milestone follow-up, and supplier scorecards.",Vendor SLAs unmonitored; renewals happen without performance evidence.,"Banking, Telecommunications, Manufacturing, Professional Services",Enterprise,Procurement / Vendor Management,Enterprises with large external spend and multi-vendor landscapes.,"Scorecards, milestone trackers, risk flags, renewal packs",Better renewal decisions; earlier performance escalation,Give procurement a continuous vendor performance operating rhythm.,On-time scorecards and fewer surprise renewals,1-3 Months,Medium,VMO analysts,Monthly program fee,Rp40 Jt - Rp180 Jt / month,33%,2-5 Months,CPO / Head of Procurement,Cost reduction program or major vendor failure,Business units bypass VMO,Executive sponsorship + mandatory renewal gate,,,,,"Scorecard coverage %, SLA breaches tracked, savings evidence",Active,Procurement Services,Sector-pattern service class (no private client claim); see Notes sources,2026-07-10,confidence=0.87 | sources=SRC-000014;SRC-000005;SRC-000012 | retrieved=2026-07-10; version=knowledge-v2.0-batch-002-service; batch=Batch-002 | published_ref=2022-01-01 | class=B2B_service_catalog | grounding=trusted_public_sector_knowledge_categories_not_private_client_claim | dps=v1.0
